Wed  7 Oct 19:53:06 BST 2026
Running on hmem009 analysis for scenario 
Running model "Mujoco" with parameters [1.e-12 1.e-12 1.e-12]
	Simulating Two Spheres Colliding Model with dt = 1.0000001e-05, solver reference = 0.020000000001 and solver impedance = 0.001000000001
	Calculated final value: 0.4753407156513914
Running model "Mujoco" with parameters [1.e-12 1.e-12 2.e-12]
	Simulating Two Spheres Colliding Model with dt = 1.0000001e-05, solver reference = 0.020000000001 and solver impedance = 0.001000000002
	Calculated final value: 0.4753407156506992
Running model "Mujoco" with parameters [1.e-12 1.e-12 3.e-12]
	Simulating Two Spheres Colliding Model with dt = 1.0000001e-05, solver reference = 0.020000000001 and solver impedance = 0.001000000003
	Calculated final value: 0.47534071565002173
Running model "Mujoco" with parameters [1.e-12 1.e-12 4.e-12]
	Simulating Two Spheres Colliding Model with dt = 1.0000001e-05, solver reference = 0.020000000001 and solver impedance = 0.001000000004
	Calculated final value: 0.47534071564933345
Running model "Mujoco" with parameters [1.e-12 1.e-12 5.e-12]
	Simulating Two Spheres Colliding Model with dt = 1.0000001e-05, solver reference = 0.020000000001 and solver impedance = 0.001000000005
	Calculated final value: 0.47534071564864167
Running model "Mujoco" with parameters [1.e-12 1.e-12 6.e-12]
	Simulating Two Spheres Colliding Model with dt = 1.0000001e-05, solver reference = 0.020000000001 and solver impedance = 0.001000000006
	Calculated final value: 0.4753407156479522
Running model "Mujoco" with parameters [1.e-12 1.e-12 7.e-12]
	Simulating Two Spheres Colliding Model with dt = 1.0000001e-05, solver reference = 0.020000000001 and solver impedance = 0.001000000007
	Calculated final value: 0.47534071564726704
Running model "Mujoco" with parameters [1.e-12 1.e-12 8.e-12]
	Simulating Two Spheres Colliding Model with dt = 1.0000001e-05, solver reference = 0.020000000001 and solver impedance = 0.001000000008
	Calculated final value: 0.47534071564658487
Running model "Mujoco" with parameters [1.e-12 1.e-12 9.e-12]
	Simulating Two Spheres Colliding Model with dt = 1.0000001e-05, solver reference = 0.020000000001 and solver impedance = 0.001000000009
	Calculated final value: 0.4753407156458902
Running model "Mujoco" with parameters [1.e-12 1.e-12 1.e-11]
	Simulating Two Spheres Colliding Model with dt = 1.0000001e-05, solver reference = 0.020000000001 and solver impedance = 0.00100000001
	Calculated final value: 0.47534071564520336
Running model "Mujoco" with parameters [1.e-12 2.e-12 1.e-12]
	Simulating Two Spheres Colliding Model with dt = 1.0000001e-05, solver reference = 0.020000000002 and solver impedance = 0.001000000001
	Calculated final value: 0.47534071565202196
Running model "Mujoco" with parameters [1.e-12 2.e-12 2.e-12]
	Simulating Two Spheres Colliding Model with dt = 1.0000001e-05, solver reference = 0.020000000002 and solver impedance = 0.001000000002
	Calculated final value: 0.4753407156513308
Running model "Mujoco" with parameters [1.e-12 2.e-12 3.e-12]
	Simulating Two Spheres Colliding Model with dt = 1.0000001e-05, solver reference = 0.020000000002 and solver impedance = 0.001000000003
	Calculated final value: 0.4753407156506433
Running model "Mujoco" with parameters [1.e-12 2.e-12 4.e-12]
	Simulating Two Spheres Colliding Model with dt = 1.0000001e-05, solver reference = 0.020000000002 and solver impedance = 0.001000000004
	Calculated final value: 0.4753407156499521
Running model "Mujoco" with parameters [1.e-12 2.e-12 5.e-12]
	Simulating Two Spheres Colliding Model with dt = 1.0000001e-05, solver reference = 0.020000000002 and solver impedance = 0.001000000005
	Calculated final value: 0.4753407156492603
Running model "Mujoco" with parameters [1.e-12 2.e-12 6.e-12]
	Simulating Two Spheres Colliding Model with dt = 1.0000001e-05, solver reference = 0.020000000002 and solver impedance = 0.001000000006
	Calculated final value: 0.47534071564857344
Running model "Mujoco" with parameters [1.e-12 2.e-12 7.e-12]
	Simulating Two Spheres Colliding Model with dt = 1.0000001e-05, solver reference = 0.020000000002 and solver impedance = 0.001000000007
	Calculated final value: 0.47534071564787955
Running model "Mujoco" with parameters [1.e-12 2.e-12 8.e-12]
	Simulating Two Spheres Colliding Model with dt = 1.0000001e-05, solver reference = 0.020000000002 and solver impedance = 0.001000000008
	Calculated final value: 0.4753407156471993
Running model "Mujoco" with parameters [1.e-12 2.e-12 9.e-12]
	Simulating Two Spheres Colliding Model with dt = 1.0000001e-05, solver reference = 0.020000000002 and solver impedance = 0.001000000009
	Calculated final value: 0.4753407156465104
Running model "Mujoco" with parameters [1.e-12 2.e-12 1.e-11]
	Simulating Two Spheres Colliding Model with dt = 1.0000001e-05, solver reference = 0.020000000002 and solver impedance = 0.00100000001
	Calculated final value: 0.4753407156458296
Running model "Mujoco" with parameters [1.e-12 3.e-12 1.e-12]
	Simulating Two Spheres Colliding Model with dt = 1.0000001e-05, solver reference = 0.020000000003 and solver impedance = 0.001000000001
	Calculated final value: 0.4753407156526253
Running model "Mujoco" with parameters [1.e-12 3.e-12 2.e-12]
	Simulating Two Spheres Colliding Model with dt = 1.0000001e-05, solver reference = 0.020000000003 and solver impedance = 0.001000000002
	Calculated final value: 0.47534071565193775
Running model "Mujoco" with parameters [1.e-12 3.e-12 3.e-12]
	Simulating Two Spheres Colliding Model with dt = 1.0000001e-05, solver reference = 0.020000000003 and solver impedance = 0.001000000003
	Calculated final value: 0.4753407156512508
Running model "Mujoco" with parameters [1.e-12 3.e-12 4.e-12]
	Simulating Two Spheres Colliding Model with dt = 1.0000001e-05, solver reference = 0.020000000003 and solver impedance = 0.001000000004
	Calculated final value: 0.4753407156505713
Running model "Mujoco" with parameters [1.e-12 3.e-12 5.e-12]
	Simulating Two Spheres Colliding Model with dt = 1.0000001e-05, solver reference = 0.020000000003 and solver impedance = 0.001000000005
	Calculated final value: 0.4753407156498866
Running model "Mujoco" with parameters [1.e-12 3.e-12 6.e-12]
	Simulating Two Spheres Colliding Model with dt = 1.0000001e-05, solver reference = 0.020000000003 and solver impedance = 0.001000000006
	Calculated final value: 0.47534071564919694
Running model "Mujoco" with parameters [1.e-12 3.e-12 7.e-12]
	Simulating Two Spheres Colliding Model with dt = 1.0000001e-05, solver reference = 0.020000000003 and solver impedance = 0.001000000007
	Calculated final value: 0.47534071564850144
Running model "Mujoco" with parameters [1.e-12 3.e-12 8.e-12]
	Simulating Two Spheres Colliding Model with dt = 1.0000001e-05, solver reference = 0.020000000003 and solver impedance = 0.001000000008
	Calculated final value: 0.47534071564781594
Running model "Mujoco" with parameters [1.e-12 3.e-12 9.e-12]
	Simulating Two Spheres Colliding Model with dt = 1.0000001e-05, solver reference = 0.020000000003 and solver impedance = 0.001000000009
	Calculated final value: 0.4753407156471296
Running model "Mujoco" with parameters [1.e-12 3.e-12 1.e-11]
	Simulating Two Spheres Colliding Model with dt = 1.0000001e-05, solver reference = 0.020000000003 and solver impedance = 0.00100000001
	Calculated final value: 0.47534071564644104
Running model "Mujoco" with parameters [1.e-12 4.e-12 1.e-12]
	Simulating Two Spheres Colliding Model with dt = 1.0000001e-05, solver reference = 0.020000000004000002 and solver impedance = 0.001000000001
	Calculated final value: 0.47534071565325325
Running model "Mujoco" with parameters [1.e-12 4.e-12 2.e-12]
	Simulating Two Spheres Colliding Model with dt = 1.0000001e-05, solver reference = 0.020000000004000002 and solver impedance = 0.001000000002
	Calculated final value: 0.47534071565256175
Running model "Mujoco" with parameters [1.e-12 4.e-12 3.e-12]
	Simulating Two Spheres Colliding Model with dt = 1.0000001e-05, solver reference = 0.020000000004000002 and solver impedance = 0.001000000003
	Calculated final value: 0.4753407156518648
Running model "Mujoco" with parameters [1.e-12 4.e-12 4.e-12]
	Simulating Two Spheres Colliding Model with dt = 1.0000001e-05, solver reference = 0.020000000004000002 and solver impedance = 0.001000000004
	Calculated final value: 0.475340715651185
Running model "Mujoco" with parameters [1.e-12 4.e-12 5.e-12]
	Simulating Two Spheres Colliding Model with dt = 1.0000001e-05, solver reference = 0.020000000004000002 and solver impedance = 0.001000000005
	Calculated final value: 0.47534071565048996
Running model "Mujoco" with parameters [1.e-12 4.e-12 6.e-12]
	Simulating Two Spheres Colliding Model with dt = 1.0000001e-05, solver reference = 0.020000000004000002 and solver impedance = 0.001000000006
	Calculated final value: 0.47534071564980324
Running model "Mujoco" with parameters [1.e-12 4.e-12 7.e-12]
	Simulating Two Spheres Colliding Model with dt = 1.0000001e-05, solver reference = 0.020000000004000002 and solver impedance = 0.001000000007
	Calculated final value: 0.47534071564911823
Running model "Mujoco" with parameters [1.e-12 4.e-12 8.e-12]
	Simulating Two Spheres Colliding Model with dt = 1.0000001e-05, solver reference = 0.020000000004000002 and solver impedance = 0.001000000008
	Calculated final value: 0.47534071564843217
Running model "Mujoco" with parameters [1.e-12 4.e-12 9.e-12]
	Simulating Two Spheres Colliding Model with dt = 1.0000001e-05, solver reference = 0.020000000004000002 and solver impedance = 0.001000000009
	Calculated final value: 0.47534071564774116
Running model "Mujoco" with parameters [1.e-12 4.e-12 1.e-11]
	Simulating Two Spheres Colliding Model with dt = 1.0000001e-05, solver reference = 0.020000000004000002 and solver impedance = 0.00100000001
	Calculated final value: 0.4753407156470561
Running model "Mujoco" with parameters [1.e-12 5.e-12 1.e-12]
	Simulating Two Spheres Colliding Model with dt = 1.0000001e-05, solver reference = 0.020000000005 and solver impedance = 0.001000000001
	Calculated final value: 0.475340715653863
Running model "Mujoco" with parameters [1.e-12 5.e-12 2.e-12]
	Simulating Two Spheres Colliding Model with dt = 1.0000001e-05, solver reference = 0.020000000005 and solver impedance = 0.001000000002
	Calculated final value: 0.475340715653176
Running model "Mujoco" with parameters [1.e-12 5.e-12 3.e-12]
	Simulating Two Spheres Colliding Model with dt = 1.0000001e-05, solver reference = 0.020000000005 and solver impedance = 0.001000000003
	Calculated final value: 0.47534071565249575
Running model "Mujoco" with parameters [1.e-12 5.e-12 4.e-12]
	Simulating Two Spheres Colliding Model with dt = 1.0000001e-05, solver reference = 0.020000000005 and solver impedance = 0.001000000004
	Calculated final value: 0.4753407156518125
Running model "Mujoco" with parameters [1.e-12 5.e-12 5.e-12]
	Simulating Two Spheres Colliding Model with dt = 1.0000001e-05, solver reference = 0.020000000005 and solver impedance = 0.001000000005
	Calculated final value: 0.47534071565112673
Running model "Mujoco" with parameters [1.e-12 5.e-12 6.e-12]
	Simulating Two Spheres Colliding Model with dt = 1.0000001e-05, solver reference = 0.020000000005 and solver impedance = 0.001000000006
	Calculated final value: 0.4753407156504356
Running model "Mujoco" with parameters [1.e-12 5.e-12 7.e-12]
	Simulating Two Spheres Colliding Model with dt = 1.0000001e-05, solver reference = 0.020000000005 and solver impedance = 0.001000000007
	Calculated final value: 0.47534071564974245
Running model "Mujoco" with parameters [1.e-12 5.e-12 8.e-12]
	Simulating Two Spheres Colliding Model with dt = 1.0000001e-05, solver reference = 0.020000000005 and solver impedance = 0.001000000008
	Calculated final value: 0.4753407156490547
Running model "Mujoco" with parameters [1.e-12 5.e-12 9.e-12]
	Simulating Two Spheres Colliding Model with dt = 1.0000001e-05, solver reference = 0.020000000005 and solver impedance = 0.001000000009
	Calculated final value: 0.47534071564836855
Running model "Mujoco" with parameters [1.e-12 5.e-12 1.e-11]
	Simulating Two Spheres Colliding Model with dt = 1.0000001e-05, solver reference = 0.020000000005 and solver impedance = 0.00100000001
	Calculated final value: 0.4753407156476832
Running model "Mujoco" with parameters [1.e-12 6.e-12 1.e-12]
	Simulating Two Spheres Colliding Model with dt = 1.0000001e-05, solver reference = 0.020000000006 and solver impedance = 0.001000000001
	Calculated final value: 0.4753407156544823
Running model "Mujoco" with parameters [1.e-12 6.e-12 2.e-12]
	Simulating Two Spheres Colliding Model with dt = 1.0000001e-05, solver reference = 0.020000000006 and solver impedance = 0.001000000002
	Calculated final value: 0.4753407156537969
Running model "Mujoco" with parameters [1.e-12 6.e-12 3.e-12]
	Simulating Two Spheres Colliding Model with dt = 1.0000001e-05, solver reference = 0.020000000006 and solver impedance = 0.001000000003
	Calculated final value: 0.47534071565310565
Running model "Mujoco" with parameters [1.e-12 6.e-12 4.e-12]
	Simulating Two Spheres Colliding Model with dt = 1.0000001e-05, solver reference = 0.020000000006 and solver impedance = 0.001000000004
	Calculated final value: 0.47534071565242625
Running model "Mujoco" with parameters [1.e-12 6.e-12 5.e-12]
	Simulating Two Spheres Colliding Model with dt = 1.0000001e-05, solver reference = 0.020000000006 and solver impedance = 0.001000000005
	Calculated final value: 0.475340715651738
Running model "Mujoco" with parameters [1.e-12 6.e-12 6.e-12]
	Simulating Two Spheres Colliding Model with dt = 1.0000001e-05, solver reference = 0.020000000006 and solver impedance = 0.001000000006
	Calculated final value: 0.47534071565105684
Running model "Mujoco" with parameters [1.e-12 6.e-12 7.e-12]
	Simulating Two Spheres Colliding Model with dt = 1.0000001e-05, solver reference = 0.020000000006 and solver impedance = 0.001000000007
	Calculated final value: 0.4753407156503737
Running model "Mujoco" with parameters [1.e-12 6.e-12 8.e-12]
	Simulating Two Spheres Colliding Model with dt = 1.0000001e-05, solver reference = 0.020000000006 and solver impedance = 0.001000000008
	Calculated final value: 0.47534071564967917
Running model "Mujoco" with parameters [1.e-12 6.e-12 9.e-12]
	Simulating Two Spheres Colliding Model with dt = 1.0000001e-05, solver reference = 0.020000000006 and solver impedance = 0.001000000009
	Calculated final value: 0.47534071564898833
Running model "Mujoco" with parameters [1.e-12 6.e-12 1.e-11]
	Simulating Two Spheres Colliding Model with dt = 1.0000001e-05, solver reference = 0.020000000006 and solver impedance = 0.00100000001
	Calculated final value: 0.4753407156482975
Running model "Mujoco" with parameters [1.e-12 7.e-12 1.e-12]
	Simulating Two Spheres Colliding Model with dt = 1.0000001e-05, solver reference = 0.020000000007 and solver impedance = 0.001000000001
	Calculated final value: 0.47534071565508995
Running model "Mujoco" with parameters [1.e-12 7.e-12 2.e-12]
	Simulating Two Spheres Colliding Model with dt = 1.0000001e-05, solver reference = 0.020000000007 and solver impedance = 0.001000000002
	Calculated final value: 0.47534071565441244
Running model "Mujoco" with parameters [1.e-12 7.e-12 3.e-12]
	Simulating Two Spheres Colliding Model with dt = 1.0000001e-05, solver reference = 0.020000000007 and solver impedance = 0.001000000003
	Calculated final value: 0.4753407156537294
Running model "Mujoco" with parameters [1.e-12 7.e-12 4.e-12]
	Simulating Two Spheres Colliding Model with dt = 1.0000001e-05, solver reference = 0.020000000007 and solver impedance = 0.001000000004
	Calculated final value: 0.4753407156530445
Running model "Mujoco" with parameters [1.e-12 7.e-12 5.e-12]
	Simulating Two Spheres Colliding Model with dt = 1.0000001e-05, solver reference = 0.020000000007 and solver impedance = 0.001000000005
	Calculated final value: 0.47534071565235897
Running model "Mujoco" with parameters [1.e-12 7.e-12 6.e-12]
	Simulating Two Spheres Colliding Model with dt = 1.0000001e-05, solver reference = 0.020000000007 and solver impedance = 0.001000000006
	Calculated final value: 0.4753407156516657
Running model "Mujoco" with parameters [1.e-12 7.e-12 7.e-12]
	Simulating Two Spheres Colliding Model with dt = 1.0000001e-05, solver reference = 0.020000000007 and solver impedance = 0.001000000007
	Calculated final value: 0.4753407156509782
Running model "Mujoco" with parameters [1.e-12 7.e-12 8.e-12]
	Simulating Two Spheres Colliding Model with dt = 1.0000001e-05, solver reference = 0.020000000007 and solver impedance = 0.001000000008
	Calculated final value: 0.4753407156503039
Running model "Mujoco" with parameters [1.e-12 7.e-12 9.e-12]
	Simulating Two Spheres Colliding Model with dt = 1.0000001e-05, solver reference = 0.020000000007 and solver impedance = 0.001000000009
	Calculated final value: 0.4753407156496061
Running model "Mujoco" with parameters [1.e-12 7.e-12 1.e-11]
	Simulating Two Spheres Colliding Model with dt = 1.0000001e-05, solver reference = 0.020000000007 and solver impedance = 0.00100000001
	Calculated final value: 0.4753407156489223
Running model "Mujoco" with parameters [1.e-12 8.e-12 1.e-12]
	Simulating Two Spheres Colliding Model with dt = 1.0000001e-05, solver reference = 0.020000000008 and solver impedance = 0.001000000001
	Calculated final value: 0.4753407156557248
Running model "Mujoco" with parameters [1.e-12 8.e-12 2.e-12]
	Simulating Two Spheres Colliding Model with dt = 1.0000001e-05, solver reference = 0.020000000008 and solver impedance = 0.001000000002
	Calculated final value: 0.47534071565503183
Running model "Mujoco" with parameters [1.e-12 8.e-12 3.e-12]
	Simulating Two Spheres Colliding Model with dt = 1.0000001e-05, solver reference = 0.020000000008 and solver impedance = 0.001000000003
	Calculated final value: 0.4753407156543403
Running model "Mujoco" with parameters [1.e-12 8.e-12 4.e-12]
	Simulating Two Spheres Colliding Model with dt = 1.0000001e-05, solver reference = 0.020000000008 and solver impedance = 0.001000000004
	Calculated final value: 0.4753407156536475
Running model "Mujoco" with parameters [1.e-12 8.e-12 5.e-12]
	Simulating Two Spheres Colliding Model with dt = 1.0000001e-05, solver reference = 0.020000000008 and solver impedance = 0.001000000005
	Calculated final value: 0.47534071565297215
Running model "Mujoco" with parameters [1.e-12 8.e-12 6.e-12]
	Simulating Two Spheres Colliding Model with dt = 1.0000001e-05, solver reference = 0.020000000008 and solver impedance = 0.001000000006
	Calculated final value: 0.4753407156522823
Running model "Mujoco" with parameters [1.e-12 8.e-12 7.e-12]
	Simulating Two Spheres Colliding Model with dt = 1.0000001e-05, solver reference = 0.020000000008 and solver impedance = 0.001000000007
	Calculated final value: 0.47534071565160246
Running model "Mujoco" with parameters [1.e-12 8.e-12 8.e-12]
	Simulating Two Spheres Colliding Model with dt = 1.0000001e-05, solver reference = 0.020000000008 and solver impedance = 0.001000000008
	Calculated final value: 0.47534071565090763
Running model "Mujoco" with parameters [1.e-12 8.e-12 9.e-12]
	Simulating Two Spheres Colliding Model with dt = 1.0000001e-05, solver reference = 0.020000000008 and solver impedance = 0.001000000009
	Calculated final value: 0.47534071565023467
Running model "Mujoco" with parameters [1.e-12 8.e-12 1.e-11]
	Simulating Two Spheres Colliding Model with dt = 1.0000001e-05, solver reference = 0.020000000008 and solver impedance = 0.00100000001
	Calculated final value: 0.4753407156495506
Running model "Mujoco" with parameters [1.e-12 9.e-12 1.e-12]
	Simulating Two Spheres Colliding Model with dt = 1.0000001e-05, solver reference = 0.020000000009 and solver impedance = 0.001000000001
	Calculated final value: 0.4753407156563354
Running model "Mujoco" with parameters [1.e-12 9.e-12 2.e-12]
	Simulating Two Spheres Colliding Model with dt = 1.0000001e-05, solver reference = 0.020000000009 and solver impedance = 0.001000000002
	Calculated final value: 0.4753407156556563
Running model "Mujoco" with parameters [1.e-12 9.e-12 3.e-12]
	Simulating Two Spheres Colliding Model with dt = 1.0000001e-05, solver reference = 0.020000000009 and solver impedance = 0.001000000003
	Calculated final value: 0.47534071565495917
Running model "Mujoco" with parameters [1.e-12 9.e-12 4.e-12]
	Simulating Two Spheres Colliding Model with dt = 1.0000001e-05, solver reference = 0.020000000009 and solver impedance = 0.001000000004
	Calculated final value: 0.4753407156542747
Running model "Mujoco" with parameters [1.e-12 9.e-12 5.e-12]
	Simulating Two Spheres Colliding Model with dt = 1.0000001e-05, solver reference = 0.020000000009 and solver impedance = 0.001000000005
	Calculated final value: 0.47534071565358704
Running model "Mujoco" with parameters [1.e-12 9.e-12 6.e-12]
	Simulating Two Spheres Colliding Model with dt = 1.0000001e-05, solver reference = 0.020000000009 and solver impedance = 0.001000000006
	Calculated final value: 0.47534071565290026
Running model "Mujoco" with parameters [1.e-12 9.e-12 7.e-12]
	Simulating Two Spheres Colliding Model with dt = 1.0000001e-05, solver reference = 0.020000000009 and solver impedance = 0.001000000007
	Calculated final value: 0.47534071565220853
Running model "Mujoco" with parameters [1.e-12 9.e-12 8.e-12]
	Simulating Two Spheres Colliding Model with dt = 1.0000001e-05, solver reference = 0.020000000009 and solver impedance = 0.001000000008
	Calculated final value: 0.4753407156515336
Running model "Mujoco" with parameters [1.e-12 9.e-12 9.e-12]
	Simulating Two Spheres Colliding Model with dt = 1.0000001e-05, solver reference = 0.020000000009 and solver impedance = 0.001000000009
	Calculated final value: 0.4753407156508389
Running model "Mujoco" with parameters [1.e-12 9.e-12 1.e-11]
	Simulating Two Spheres Colliding Model with dt = 1.0000001e-05, solver reference = 0.020000000009 and solver impedance = 0.00100000001
	Calculated final value: 0.4753407156501593
Running model "Mujoco" with parameters [1.e-12 1.e-11 1.e-12]
	Simulating Two Spheres Colliding Model with dt = 1.0000001e-05, solver reference = 0.02000000001 and solver impedance = 0.001000000001
	Calculated final value: 0.47534071565695396
Running model "Mujoco" with parameters [1.e-12 1.e-11 2.e-12]
	Simulating Two Spheres Colliding Model with dt = 1.0000001e-05, solver reference = 0.02000000001 and solver impedance = 0.001000000002
	Calculated final value: 0.47534071565627667
Running model "Mujoco" with parameters [1.e-12 1.e-11 3.e-12]
	Simulating Two Spheres Colliding Model with dt = 1.0000001e-05, solver reference = 0.02000000001 and solver impedance = 0.001000000003
	Calculated final value: 0.4753407156555809
Running model "Mujoco" with parameters [1.e-12 1.e-11 4.e-12]
	Simulating Two Spheres Colliding Model with dt = 1.0000001e-05, solver reference = 0.02000000001 and solver impedance = 0.001000000004
	Calculated final value: 0.475340715654902
Running model "Mujoco" with parameters [1.e-12 1.e-11 5.e-12]
	Simulating Two Spheres Colliding Model with dt = 1.0000001e-05, solver reference = 0.02000000001 and solver impedance = 0.001000000005
	Calculated final value: 0.47534071565420793
Running model "Mujoco" with parameters [1.e-12 1.e-11 6.e-12]
	Simulating Two Spheres Colliding Model with dt = 1.0000001e-05, solver reference = 0.02000000001 and solver impedance = 0.001000000006
	Calculated final value: 0.4753407156535182
Running model "Mujoco" with parameters [1.e-12 1.e-11 7.e-12]
	Simulating Two Spheres Colliding Model with dt = 1.0000001e-05, solver reference = 0.02000000001 and solver impedance = 0.001000000007
	Calculated final value: 0.4753407156528286
Running model "Mujoco" with parameters [1.e-12 1.e-11 8.e-12]
	Simulating Two Spheres Colliding Model with dt = 1.0000001e-05, solver reference = 0.02000000001 and solver impedance = 0.001000000008
	Calculated final value: 0.47534071565213964
Running model "Mujoco" with parameters [1.e-12 1.e-11 9.e-12]
	Simulating Two Spheres Colliding Model with dt = 1.0000001e-05, solver reference = 0.02000000001 and solver impedance = 0.001000000009
	Calculated final value: 0.47534071565145775
Running model "Mujoco" with parameters [1.e-12 1.e-11 1.e-11]
	Simulating Two Spheres Colliding Model with dt = 1.0000001e-05, solver reference = 0.02000000001 and solver impedance = 0.00100000001
	Calculated final value: 0.4753407156507718
Running model "Mujoco" with parameters [2.e-12 1.e-12 1.e-12]
	Simulating Two Spheres Colliding Model with dt = 1.0000002000000001e-05, solver reference = 0.020000000001 and solver impedance = 0.001000000001
	Calculated final value: 0.47534068463292406
Running model "Mujoco" with parameters [2.e-12 1.e-12 2.e-12]
	Simulating Two Spheres Colliding Model with dt = 1.0000002000000001e-05, solver reference = 0.020000000001 and solver impedance = 0.001000000002
	Calculated final value: 0.4753406846322384
Running model "Mujoco" with parameters [2.e-12 1.e-12 3.e-12]
	Simulating Two Spheres Colliding Model with dt = 1.0000002000000001e-05, solver reference = 0.020000000001 and solver impedance = 0.001000000003
	Calculated final value: 0.4753406846315421
Running model "Mujoco" with parameters [2.e-12 1.e-12 4.e-12]
	Simulating Two Spheres Colliding Model with dt = 1.0000002000000001e-05, solver reference = 0.020000000001 and solver impedance = 0.001000000004
	Calculated final value: 0.4753406846308623
Running model "Mujoco" with parameters [2.e-12 1.e-12 5.e-12]
	Simulating Two Spheres Colliding Model with dt = 1.0000002000000001e-05, solver reference = 0.020000000001 and solver impedance = 0.001000000005
	Calculated final value: 0.475340684630174
Running model "Mujoco" with parameters [2.e-12 1.e-12 6.e-12]
	Simulating Two Spheres Colliding Model with dt = 1.0000002000000001e-05, solver reference = 0.020000000001 and solver impedance = 0.001000000006
	Calculated final value: 0.4753406846294902
Running model "Mujoco" with parameters [2.e-12 1.e-12 7.e-12]
	Simulating Two Spheres Colliding Model with dt = 1.0000002000000001e-05, solver reference = 0.020000000001 and solver impedance = 0.001000000007
	Calculated final value: 0.475340684628805
Running model "Mujoco" with parameters [2.e-12 1.e-12 8.e-12]
	Simulating Two Spheres Colliding Model with dt = 1.0000002000000001e-05, solver reference = 0.020000000001 and solver impedance = 0.001000000008
	Calculated final value: 0.4753406846281151
Running model "Mujoco" with parameters [2.e-12 1.e-12 9.e-12]
	Simulating Two Spheres Colliding Model with dt = 1.0000002000000001e-05, solver reference = 0.020000000001 and solver impedance = 0.001000000009
	Calculated final value: 0.47534068462742585
Running model "Mujoco" with parameters [2.e-12 1.e-12 1.e-11]
	Simulating Two Spheres Colliding Model with dt = 1.0000002000000001e-05, solver reference = 0.020000000001 and solver impedance = 0.00100000001
	Calculated final value: 0.47534068462673
Running model "Mujoco" with parameters [2.e-12 2.e-12 1.e-12]
	Simulating Two Spheres Colliding Model with dt = 1.0000002000000001e-05, solver reference = 0.020000000002 and solver impedance = 0.001000000001
	Calculated final value: 0.4753406846335385
Running model "Mujoco" with parameters [2.e-12 2.e-12 2.e-12]
	Simulating Two Spheres Colliding Model with dt = 1.0000002000000001e-05, solver reference = 0.020000000002 and solver impedance = 0.001000000002
	Calculated final value: 0.47534068463284745
Running model "Mujoco" with parameters [2.e-12 2.e-12 3.e-12]
	Simulating Two Spheres Colliding Model with dt = 1.0000002000000001e-05, solver reference = 0.020000000002 and solver impedance = 0.001000000003
	Calculated final value: 0.4753406846321618
Running model "Mujoco" with parameters [2.e-12 2.e-12 4.e-12]
	Simulating Two Spheres Colliding Model with dt = 1.0000002000000001e-05, solver reference = 0.020000000002 and solver impedance = 0.001000000004
	Calculated final value: 0.4753406846314666
Running model "Mujoco" with parameters [2.e-12 2.e-12 5.e-12]
	Simulating Two Spheres Colliding Model with dt = 1.0000002000000001e-05, solver reference = 0.020000000002 and solver impedance = 0.001000000005
	Calculated final value: 0.47534068463078266
Running model "Mujoco" with parameters [2.e-12 2.e-12 6.e-12]
	Simulating Two Spheres Colliding Model with dt = 1.0000002000000001e-05, solver reference = 0.020000000002 and solver impedance = 0.001000000006
	Calculated final value: 0.4753406846301045
Running model "Mujoco" with parameters [2.e-12 2.e-12 7.e-12]
	Simulating Two Spheres Colliding Model with dt = 1.0000002000000001e-05, solver reference = 0.020000000002 and solver impedance = 0.001000000007
	Calculated final value: 0.47534068462942525
Running model "Mujoco" with parameters [2.e-12 2.e-12 8.e-12]
	Simulating Two Spheres Colliding Model with dt = 1.0000002000000001e-05, solver reference = 0.020000000002 and solver impedance = 0.001000000008
	Calculated final value: 0.4753406846287319
Running model "Mujoco" with parameters [2.e-12 2.e-12 9.e-12]
	Simulating Two Spheres Colliding Model with dt = 1.0000002000000001e-05, solver reference = 0.020000000002 and solver impedance = 0.001000000009
	Calculated final value: 0.475340684628052
Running model "Mujoco" with parameters [2.e-12 2.e-12 1.e-11]
	Simulating Two Spheres Colliding Model with dt = 1.0000002000000001e-05, solver reference = 0.020000000002 and solver impedance = 0.00100000001
	Calculated final value: 0.47534068462735624
Running model "Mujoco" with parameters [2.e-12 3.e-12 1.e-12]
	Simulating Two Spheres Colliding Model with dt = 1.0000002000000001e-05, solver reference = 0.020000000003 and solver impedance = 0.001000000001
	Calculated final value: 0.4753406846341611
Running model "Mujoco" with parameters [2.e-12 3.e-12 2.e-12]
	Simulating Two Spheres Colliding Model with dt = 1.0000002000000001e-05, solver reference = 0.020000000003 and solver impedance = 0.001000000002
	Calculated final value: 0.4753406846334806
Running model "Mujoco" with parameters [2.e-12 3.e-12 3.e-12]
	Simulating Two Spheres Colliding Model with dt = 1.0000002000000001e-05, solver reference = 0.020000000003 and solver impedance = 0.001000000003
	Calculated final value: 0.47534068463279583
Running model "Mujoco" with parameters [2.e-12 3.e-12 4.e-12]
	Simulating Two Spheres Colliding Model with dt = 1.0000002000000001e-05, solver reference = 0.020000000003 and solver impedance = 0.001000000004
	Calculated final value: 0.47534068463210394
Running model "Mujoco" with parameters [2.e-12 3.e-12 5.e-12]
	Simulating Two Spheres Colliding Model with dt = 1.0000002000000001e-05, solver reference = 0.020000000003 and solver impedance = 0.001000000005
	Calculated final value: 0.47534068463141155
Running model "Mujoco" with parameters [2.e-12 3.e-12 6.e-12]
	Simulating Two Spheres Colliding Model with dt = 1.0000002000000001e-05, solver reference = 0.020000000003 and solver impedance = 0.001000000006
	Calculated final value: 0.4753406846307216
Running model "Mujoco" with parameters [2.e-12 3.e-12 7.e-12]
	Simulating Two Spheres Colliding Model with dt = 1.0000002000000001e-05, solver reference = 0.020000000003 and solver impedance = 0.001000000007
	Calculated final value: 0.47534068463002993
Running model "Mujoco" with parameters [2.e-12 3.e-12 8.e-12]
	Simulating Two Spheres Colliding Model with dt = 1.0000002000000001e-05, solver reference = 0.020000000003 and solver impedance = 0.001000000008
	Calculated final value: 0.4753406846293538
Running model "Mujoco" with parameters [2.e-12 3.e-12 9.e-12]
	Simulating Two Spheres Colliding Model with dt = 1.0000002000000001e-05, solver reference = 0.020000000003 and solver impedance = 0.001000000009
	Calculated final value: 0.4753406846286591
Running model "Mujoco" with parameters [2.e-12 3.e-12 1.e-11]
	Simulating Two Spheres Colliding Model with dt = 1.0000002000000001e-05, solver reference = 0.020000000003 and solver impedance = 0.00100000001
	Calculated final value: 0.47534068462797124
Running model "Mujoco" with parameters [2.e-12 4.e-12 1.e-12]
	Simulating Two Spheres Colliding Model with dt = 1.0000002000000001e-05, solver reference = 0.020000000004000002 and solver impedance = 0.001000000001
	Calculated final value: 0.4753406846347909
Running model "Mujoco" with parameters [2.e-12 4.e-12 2.e-12]
	Simulating Two Spheres Colliding Model with dt = 1.0000002000000001e-05, solver reference = 0.020000000004000002 and solver impedance = 0.001000000002
	Calculated final value: 0.47534068463409995
Running model "Mujoco" with parameters [2.e-12 4.e-12 3.e-12]
	Simulating Two Spheres Colliding Model with dt = 1.0000002000000001e-05, solver reference = 0.020000000004000002 and solver impedance = 0.001000000003
	Calculated final value: 0.4753406846334134
Running model "Mujoco" with parameters [2.e-12 4.e-12 4.e-12]
	Simulating Two Spheres Colliding Model with dt = 1.0000002000000001e-05, solver reference = 0.020000000004000002 and solver impedance = 0.001000000004
	Calculated final value: 0.4753406846327311
Running model "Mujoco" with parameters [2.e-12 4.e-12 5.e-12]
	Simulating Two Spheres Colliding Model with dt = 1.0000002000000001e-05, solver reference = 0.020000000004000002 and solver impedance = 0.001000000005
	Calculated final value: 0.4753406846320452
Running model "Mujoco" with parameters [2.e-12 4.e-12 6.e-12]
	Simulating Two Spheres Colliding Model with dt = 1.0000002000000001e-05, solver reference = 0.020000000004000002 and solver impedance = 0.001000000006
	Calculated final value: 0.47534068463134965
Running model "Mujoco" with parameters [2.e-12 4.e-12 7.e-12]
	Simulating Two Spheres Colliding Model with dt = 1.0000002000000001e-05, solver reference = 0.020000000004000002 and solver impedance = 0.001000000007
	Calculated final value: 0.4753406846306471
Running model "Mujoco" with parameters [2.e-12 4.e-12 8.e-12]
	Simulating Two Spheres Colliding Model with dt = 1.0000002000000001e-05, solver reference = 0.020000000004000002 and solver impedance = 0.001000000008
	Calculated final value: 0.4753406846299647
Running model "Mujoco" with parameters [2.e-12 4.e-12 9.e-12]
	Simulating Two Spheres Colliding Model with dt = 1.0000002000000001e-05, solver reference = 0.020000000004000002 and solver impedance = 0.001000000009
	Calculated final value: 0.47534068462928586
Running model "Mujoco" with parameters [2.e-12 4.e-12 1.e-11]
	Simulating Two Spheres Colliding Model with dt = 1.0000002000000001e-05, solver reference = 0.020000000004000002 and solver impedance = 0.00100000001
	Calculated final value: 0.4753406846285966
Running model "Mujoco" with parameters [2.e-12 5.e-12 1.e-12]
	Simulating Two Spheres Colliding Model with dt = 1.0000002000000001e-05, solver reference = 0.020000000005 and solver impedance = 0.001000000001
	Calculated final value: 0.4753406846354003
Running model "Mujoco" with parameters [2.e-12 5.e-12 2.e-12]
	Simulating Two Spheres Colliding Model with dt = 1.0000002000000001e-05, solver reference = 0.020000000005 and solver impedance = 0.001000000002
	Calculated final value: 0.475340684634711
Running model "Mujoco" with parameters [2.e-12 5.e-12 3.e-12]
	Simulating Two Spheres Colliding Model with dt = 1.0000002000000001e-05, solver reference = 0.020000000005 and solver impedance = 0.001000000003
	Calculated final value: 0.47534068463402485
Running model "Mujoco" with parameters [2.e-12 5.e-12 4.e-12]
	Simulating Two Spheres Colliding Model with dt = 1.0000002000000001e-05, solver reference = 0.020000000005 and solver impedance = 0.001000000004
	Calculated final value: 0.47534068463334206
Running model "Mujoco" with parameters [2.e-12 5.e-12 5.e-12]
	Simulating Two Spheres Colliding Model with dt = 1.0000002000000001e-05, solver reference = 0.020000000005 and solver impedance = 0.001000000005
	Calculated final value: 0.475340684632655
Running model "Mujoco" with parameters [2.e-12 5.e-12 6.e-12]
	Simulating Two Spheres Colliding Model with dt = 1.0000002000000001e-05, solver reference = 0.020000000005 and solver impedance = 0.001000000006
	Calculated final value: 0.4753406846319681
Running model "Mujoco" with parameters [2.e-12 5.e-12 7.e-12]
	Simulating Two Spheres Colliding Model with dt = 1.0000002000000001e-05, solver reference = 0.020000000005 and solver impedance = 0.001000000007
	Calculated final value: 0.4753406846312734
Running model "Mujoco" with parameters [2.e-12 5.e-12 8.e-12]
	Simulating Two Spheres Colliding Model with dt = 1.0000002000000001e-05, solver reference = 0.020000000005 and solver impedance = 0.001000000008
	Calculated final value: 0.4753406846305791
Running model "Mujoco" with parameters [2.e-12 5.e-12 9.e-12]
	Simulating Two Spheres Colliding Model with dt = 1.0000002000000001e-05, solver reference = 0.020000000005 and solver impedance = 0.001000000009
	Calculated final value: 0.47534068462989365
Running model "Mujoco" with parameters [2.e-12 5.e-12 1.e-11]
	Simulating Two Spheres Colliding Model with dt = 1.0000002000000001e-05, solver reference = 0.020000000005 and solver impedance = 0.00100000001
	Calculated final value: 0.47534068462921963
Running model "Mujoco" with parameters [2.e-12 6.e-12 1.e-12]
	Simulating Two Spheres Colliding Model with dt = 1.0000002000000001e-05, solver reference = 0.020000000006 and solver impedance = 0.001000000001
	Calculated final value: 0.4753406846360159
Running model "Mujoco" with parameters [2.e-12 6.e-12 2.e-12]
	Simulating Two Spheres Colliding Model with dt = 1.0000002000000001e-05, solver reference = 0.020000000006 and solver impedance = 0.001000000002
	Calculated final value: 0.4753406846353235
Running model "Mujoco" with parameters [2.e-12 6.e-12 3.e-12]
	Simulating Two Spheres Colliding Model with dt = 1.0000002000000001e-05, solver reference = 0.020000000006 and solver impedance = 0.001000000003
	Calculated final value: 0.4753406846346218
Running model "Mujoco" with parameters [2.e-12 6.e-12 4.e-12]
	Simulating Two Spheres Colliding Model with dt = 1.0000002000000001e-05, solver reference = 0.020000000006 and solver impedance = 0.001000000004
	Calculated final value: 0.4753406846339388
Running model "Mujoco" with parameters [2.e-12 6.e-12 5.e-12]
	Simulating Two Spheres Colliding Model with dt = 1.0000002000000001e-05, solver reference = 0.020000000006 and solver impedance = 0.001000000005
	Calculated final value: 0.47534068463326423
Running model "Mujoco" with parameters [2.e-12 6.e-12 6.e-12]
	Simulating Two Spheres Colliding Model with dt = 1.0000002000000001e-05, solver reference = 0.020000000006 and solver impedance = 0.001000000006
	Calculated final value: 0.4753406846325829
Running model "Mujoco" with parameters [2.e-12 6.e-12 7.e-12]
	Simulating Two Spheres Colliding Model with dt = 1.0000002000000001e-05, solver reference = 0.020000000006 and solver impedance = 0.001000000007
	Calculated final value: 0.475340684631894
Running model "Mujoco" with parameters [2.e-12 6.e-12 8.e-12]
	Simulating Two Spheres Colliding Model with dt = 1.0000002000000001e-05, solver reference = 0.020000000006 and solver impedance = 0.001000000008
	Calculated final value: 0.47534068463120527
Running model "Mujoco" with parameters [2.e-12 6.e-12 9.e-12]
	Simulating Two Spheres Colliding Model with dt = 1.0000002000000001e-05, solver reference = 0.020000000006 and solver impedance = 0.001000000009
	Calculated final value: 0.47534068463051415
Running model "Mujoco" with parameters [2.e-12 6.e-12 1.e-11]
	Simulating Two Spheres Colliding Model with dt = 1.0000002000000001e-05, solver reference = 0.020000000006 and solver impedance = 0.00100000001
	Calculated final value: 0.4753406846298219
Running model "Mujoco" with parameters [2.e-12 7.e-12 1.e-12]
	Simulating Two Spheres Colliding Model with dt = 1.0000002000000001e-05, solver reference = 0.020000000007 and solver impedance = 0.001000000001
	Calculated final value: 0.47534068463663076
Running model "Mujoco" with parameters [2.e-12 7.e-12 2.e-12]
	Simulating Two Spheres Colliding Model with dt = 1.0000002000000001e-05, solver reference = 0.020000000007 and solver impedance = 0.001000000002
	Calculated final value: 0.475340684635943
Running model "Mujoco" with parameters [2.e-12 7.e-12 3.e-12]
	Simulating Two Spheres Colliding Model with dt = 1.0000002000000001e-05, solver reference = 0.020000000007 and solver impedance = 0.001000000003
	Calculated final value: 0.47534068463525775
Running model "Mujoco" with parameters [2.e-12 7.e-12 4.e-12]
	Simulating Two Spheres Colliding Model with dt = 1.0000002000000001e-05, solver reference = 0.020000000007 and solver impedance = 0.001000000004
	Calculated final value: 0.4753406846345631
Running model "Mujoco" with parameters [2.e-12 7.e-12 5.e-12]
	Simulating Two Spheres Colliding Model with dt = 1.0000002000000001e-05, solver reference = 0.020000000007 and solver impedance = 0.001000000005
	Calculated final value: 0.4753406846338724
Running model "Mujoco" with parameters [2.e-12 7.e-12 6.e-12]
	Simulating Two Spheres Colliding Model with dt = 1.0000002000000001e-05, solver reference = 0.020000000007 and solver impedance = 0.001000000006
	Calculated final value: 0.4753406846331871
Running model "Mujoco" with parameters [2.e-12 7.e-12 7.e-12]
	Simulating Two Spheres Colliding Model with dt = 1.0000002000000001e-05, solver reference = 0.020000000007 and solver impedance = 0.001000000007
	Calculated final value: 0.47534068463250606
Running model "Mujoco" with parameters [2.e-12 7.e-12 8.e-12]
	Simulating Two Spheres Colliding Model with dt = 1.0000002000000001e-05, solver reference = 0.020000000007 and solver impedance = 0.001000000008
	Calculated final value: 0.4753406846318257
Running model "Mujoco" with parameters [2.e-12 7.e-12 9.e-12]
	Simulating Two Spheres Colliding Model with dt = 1.0000002000000001e-05, solver reference = 0.020000000007 and solver impedance = 0.001000000009
	Calculated final value: 0.47534068463113766
Running model "Mujoco" with parameters [2.e-12 7.e-12 1.e-11]
	Simulating Two Spheres Colliding Model with dt = 1.0000002000000001e-05, solver reference = 0.020000000007 and solver impedance = 0.00100000001
	Calculated final value: 0.47534068463044915
Running model "Mujoco" with parameters [2.e-12 8.e-12 1.e-12]
	Simulating Two Spheres Colliding Model with dt = 1.0000002000000001e-05, solver reference = 0.020000000008 and solver impedance = 0.001000000001
	Calculated final value: 0.47534068463725176
Running model "Mujoco" with parameters [2.e-12 8.e-12 2.e-12]
	Simulating Two Spheres Colliding Model with dt = 1.0000002000000001e-05, solver reference = 0.020000000008 and solver impedance = 0.001000000002
	Calculated final value: 0.47534068463656703
Running model "Mujoco" with parameters [2.e-12 8.e-12 3.e-12]
	Simulating Two Spheres Colliding Model with dt = 1.0000002000000001e-05, solver reference = 0.020000000008 and solver impedance = 0.001000000003
	Calculated final value: 0.47534068463588197
Running model "Mujoco" with parameters [2.e-12 8.e-12 4.e-12]
	Simulating Two Spheres Colliding Model with dt = 1.0000002000000001e-05, solver reference = 0.020000000008 and solver impedance = 0.001000000004
	Calculated final value: 0.47534068463519263
Running model "Mujoco" with parameters [2.e-12 8.e-12 5.e-12]
	Simulating Two Spheres Colliding Model with dt = 1.0000002000000001e-05, solver reference = 0.020000000008 and solver impedance = 0.001000000005
	Calculated final value: 0.4753406846344962
Running model "Mujoco" with parameters [2.e-12 8.e-12 6.e-12]
	Simulating Two Spheres Colliding Model with dt = 1.0000002000000001e-05, solver reference = 0.020000000008 and solver impedance = 0.001000000006
	Calculated final value: 0.47534068463380613
Running model "Mujoco" with parameters [2.e-12 8.e-12 7.e-12]
	Simulating Two Spheres Colliding Model with dt = 1.0000002000000001e-05, solver reference = 0.020000000008 and solver impedance = 0.001000000007
	Calculated final value: 0.47534068463312
Running model "Mujoco" with parameters [2.e-12 8.e-12 8.e-12]
	Simulating Two Spheres Colliding Model with dt = 1.0000002000000001e-05, solver reference = 0.020000000008 and solver impedance = 0.001000000008
	Calculated final value: 0.47534068463243334
Running model "Mujoco" with parameters [2.e-12 8.e-12 9.e-12]
	Simulating Two Spheres Colliding Model with dt = 1.0000002000000001e-05, solver reference = 0.020000000008 and solver impedance = 0.001000000009
	Calculated final value: 0.47534068463175244
Running model "Mujoco" with parameters [2.e-12 8.e-12 1.e-11]
	Simulating Two Spheres Colliding Model with dt = 1.0000002000000001e-05, solver reference = 0.020000000008 and solver impedance = 0.00100000001
	Calculated final value: 0.4753406846310682
Running model "Mujoco" with parameters [2.e-12 9.e-12 1.e-12]
	Simulating Two Spheres Colliding Model with dt = 1.0000002000000001e-05, solver reference = 0.020000000009 and solver impedance = 0.001000000001
	Calculated final value: 0.47534068463786755
Running model "Mujoco" with parameters [2.e-12 9.e-12 2.e-12]
	Simulating Two Spheres Colliding Model with dt = 1.0000002000000001e-05, solver reference = 0.020000000009 and solver impedance = 0.001000000002
	Calculated final value: 0.4753406846371847
Running model "Mujoco" with parameters [2.e-12 9.e-12 3.e-12]
	Simulating Two Spheres Colliding Model with dt = 1.0000002000000001e-05, solver reference = 0.020000000009 and solver impedance = 0.001000000003
	Calculated final value: 0.47534068463649315
Running model "Mujoco" with parameters [2.e-12 9.e-12 4.e-12]
	Simulating Two Spheres Colliding Model with dt = 1.0000002000000001e-05, solver reference = 0.020000000009 and solver impedance = 0.001000000004
	Calculated final value: 0.47534068463581425
Running model "Mujoco" with parameters [2.e-12 9.e-12 5.e-12]
	Simulating Two Spheres Colliding Model with dt = 1.0000002000000001e-05, solver reference = 0.020000000009 and solver impedance = 0.001000000005
	Calculated final value: 0.475340684635121
Running model "Mujoco" with parameters [2.e-12 9.e-12 6.e-12]
	Simulating Two Spheres Colliding Model with dt = 1.0000002000000001e-05, solver reference = 0.020000000009 and solver impedance = 0.001000000006
	Calculated final value: 0.47534068463442636
Running model "Mujoco" with parameters [2.e-12 9.e-12 7.e-12]
	Simulating Two Spheres Colliding Model with dt = 1.0000002000000001e-05, solver reference = 0.020000000009 and solver impedance = 0.001000000007
	Calculated final value: 0.475340684633734
Running model "Mujoco" with parameters [2.e-12 9.e-12 8.e-12]
	Simulating Two Spheres Colliding Model with dt = 1.0000002000000001e-05, solver reference = 0.020000000009 and solver impedance = 0.001000000008
	Calculated final value: 0.4753406846330604
Running model "Mujoco" with parameters [2.e-12 9.e-12 9.e-12]
	Simulating Two Spheres Colliding Model with dt = 1.0000002000000001e-05, solver reference = 0.020000000009 and solver impedance = 0.001000000009
	Calculated final value: 0.47534068463236995
Running model "Mujoco" with parameters [2.e-12 9.e-12 1.e-11]
	Simulating Two Spheres Colliding Model with dt = 1.0000002000000001e-05, solver reference = 0.020000000009 and solver impedance = 0.00100000001
	Calculated final value: 0.4753406846316754
Running model "Mujoco" with parameters [2.e-12 1.e-11 1.e-12]
	Simulating Two Spheres Colliding Model with dt = 1.0000002000000001e-05, solver reference = 0.02000000001 and solver impedance = 0.001000000001
	Calculated final value: 0.47534068463848606
Running model "Mujoco" with parameters [2.e-12 1.e-11 2.e-12]
	Simulating Two Spheres Colliding Model with dt = 1.0000002000000001e-05, solver reference = 0.02000000001 and solver impedance = 0.001000000002
	Calculated final value: 0.4753406846377965
Running model "Mujoco" with parameters [2.e-12 1.e-11 3.e-12]
	Simulating Two Spheres Colliding Model with dt = 1.0000002000000001e-05, solver reference = 0.02000000001 and solver impedance = 0.001000000003
	Calculated final value: 0.47534068463710705
Running model "Mujoco" with parameters [2.e-12 1.e-11 4.e-12]
	Simulating Two Spheres Colliding Model with dt = 1.0000002000000001e-05, solver reference = 0.02000000001 and solver impedance = 0.001000000004
	Calculated final value: 0.47534068463642837
Running model "Mujoco" with parameters [2.e-12 1.e-11 5.e-12]
	Simulating Two Spheres Colliding Model with dt = 1.0000002000000001e-05, solver reference = 0.02000000001 and solver impedance = 0.001000000005
	Calculated final value: 0.4753406846357414
Running model "Mujoco" with parameters [2.e-12 1.e-11 6.e-12]
	Simulating Two Spheres Colliding Model with dt = 1.0000002000000001e-05, solver reference = 0.02000000001 and solver impedance = 0.001000000006
	Calculated final value: 0.4753406846350465
Running model "Mujoco" with parameters [2.e-12 1.e-11 7.e-12]
	Simulating Two Spheres Colliding Model with dt = 1.0000002000000001e-05, solver reference = 0.02000000001 and solver impedance = 0.001000000007
	Calculated final value: 0.4753406846343576
Running model "Mujoco" with parameters [2.e-12 1.e-11 8.e-12]
	Simulating Two Spheres Colliding Model with dt = 1.0000002000000001e-05, solver reference = 0.02000000001 and solver impedance = 0.001000000008
	Calculated final value: 0.4753406846336631
Running model "Mujoco" with parameters [2.e-12 1.e-11 9.e-12]
	Simulating Two Spheres Colliding Model with dt = 1.0000002000000001e-05, solver reference = 0.02000000001 and solver impedance = 0.001000000009
	Calculated final value: 0.4753406846329827
Running model "Mujoco" with parameters [2.e-12 1.e-11 1.e-11]
	Simulating Two Spheres Colliding Model with dt = 1.0000002000000001e-05, solver reference = 0.02000000001 and solver impedance = 0.00100000001
	Calculated final value: 0.47534068463230034
Running model "Mujoco" with parameters [3.e-12 1.e-12 1.e-12]
	Simulating Two Spheres Colliding Model with dt = 1.0000003e-05, solver reference = 0.020000000001 and solver impedance = 0.001000000001
	Calculated final value: 0.47534065361446504
Running model "Mujoco" with parameters [3.e-12 1.e-12 2.e-12]
	Simulating Two Spheres Colliding Model with dt = 1.0000003e-05, solver reference = 0.020000000001 and solver impedance = 0.001000000002
	Calculated final value: 0.47534065361377686
Running model "Mujoco" with parameters [3.e-12 1.e-12 3.e-12]
	Simulating Two Spheres Colliding Model with dt = 1.0000003e-05, solver reference = 0.020000000001 and solver impedance = 0.001000000003
	Calculated final value: 0.475340653613085
Running model "Mujoco" with parameters [3.e-12 1.e-12 4.e-12]
	Simulating Two Spheres Colliding Model with dt = 1.0000003e-05, solver reference = 0.020000000001 and solver impedance = 0.001000000004
	Calculated final value: 0.4753406536124035
Running model "Mujoco" with parameters [3.e-12 1.e-12 5.e-12]
	Simulating Two Spheres Colliding Model with dt = 1.0000003e-05, solver reference = 0.020000000001 and solver impedance = 0.001000000005
	Calculated final value: 0.475340653611721
Running model "Mujoco" with parameters [3.e-12 1.e-12 6.e-12]
	Simulating Two Spheres Colliding Model with dt = 1.0000003e-05, solver reference = 0.020000000001 and solver impedance = 0.001000000006
	Calculated final value: 0.47534065361102784
Running model "Mujoco" with parameters [3.e-12 1.e-12 7.e-12]
	Simulating Two Spheres Colliding Model with dt = 1.0000003e-05, solver reference = 0.020000000001 and solver impedance = 0.001000000007
	Calculated final value: 0.4753406536103374
Running model "Mujoco" with parameters [3.e-12 1.e-12 8.e-12]
	Simulating Two Spheres Colliding Model with dt = 1.0000003e-05, solver reference = 0.020000000001 and solver impedance = 0.001000000008
	Calculated final value: 0.47534065360964883
Running model "Mujoco" with parameters [3.e-12 1.e-12 9.e-12]
	Simulating Two Spheres Colliding Model with dt = 1.0000003e-05, solver reference = 0.020000000001 and solver impedance = 0.001000000009
	Calculated final value: 0.4753406536089606
Running model "Mujoco" with parameters [3.e-12 1.e-12 1.e-11]
	Simulating Two Spheres Colliding Model with dt = 1.0000003e-05, solver reference = 0.020000000001 and solver impedance = 0.00100000001
	Calculated final value: 0.4753406536082679
Running model "Mujoco" with parameters [3.e-12 2.e-12 1.e-12]
	Simulating Two Spheres Colliding Model with dt = 1.0000003e-05, solver reference = 0.020000000002 and solver impedance = 0.001000000001
	Calculated final value: 0.4753406536150756
Running model "Mujoco" with parameters [3.e-12 2.e-12 2.e-12]
	Simulating Two Spheres Colliding Model with dt = 1.0000003e-05, solver reference = 0.020000000002 and solver impedance = 0.001000000002
	Calculated final value: 0.4753406536143863
Running model "Mujoco" with parameters [3.e-12 2.e-12 3.e-12]
	Simulating Two Spheres Colliding Model with dt = 1.0000003e-05, solver reference = 0.020000000002 and solver impedance = 0.001000000003
	Calculated final value: 0.47534065361369693
Running model "Mujoco" with parameters [3.e-12 2.e-12 4.e-12]
	Simulating Two Spheres Colliding Model with dt = 1.0000003e-05, solver reference = 0.020000000002 and solver impedance = 0.001000000004
	Calculated final value: 0.47534065361300937
Running model "Mujoco" with parameters [3.e-12 2.e-12 5.e-12]
	Simulating Two Spheres Colliding Model with dt = 1.0000003e-05, solver reference = 0.020000000002 and solver impedance = 0.001000000005
	Calculated final value: 0.4753406536123231
Running model "Mujoco" with parameters [3.e-12 2.e-12 6.e-12]
	Simulating Two Spheres Colliding Model with dt = 1.0000003e-05, solver reference = 0.020000000002 and solver impedance = 0.001000000006
	Calculated final value: 0.47534065361164857
Running model "Mujoco" with parameters [3.e-12 2.e-12 7.e-12]
	Simulating Two Spheres Colliding Model with dt = 1.0000003e-05, solver reference = 0.020000000002 and solver impedance = 0.001000000007
	Calculated final value: 0.47534065361095984
Running model "Mujoco" with parameters [3.e-12 2.e-12 8.e-12]
	Simulating Two Spheres Colliding Model with dt = 1.0000003e-05, solver reference = 0.020000000002 and solver impedance = 0.001000000008
	Calculated final value: 0.4753406536102692
Running model "Mujoco" with parameters [3.e-12 2.e-12 9.e-12]
	Simulating Two Spheres Colliding Model with dt = 1.0000003e-05, solver reference = 0.020000000002 and solver impedance = 0.001000000009
	Calculated final value: 0.47534065360957845
Running model "Mujoco" with parameters [3.e-12 2.e-12 1.e-11]
	Simulating Two Spheres Colliding Model with dt = 1.0000003e-05, solver reference = 0.020000000002 and solver impedance = 0.00100000001
	Calculated final value: 0.4753406536088884
Running model "Mujoco" with parameters [3.e-12 3.e-12 1.e-12]
	Simulating Two Spheres Colliding Model with dt = 1.0000003e-05, solver reference = 0.020000000003 and solver impedance = 0.001000000001
	Calculated final value: 0.47534065361570055
Running model "Mujoco" with parameters [3.e-12 3.e-12 2.e-12]
	Simulating Two Spheres Colliding Model with dt = 1.0000003e-05, solver reference = 0.020000000003 and solver impedance = 0.001000000002
	Calculated final value: 0.4753406536150083
Running model "Mujoco" with parameters [3.e-12 3.e-12 3.e-12]
	Simulating Two Spheres Colliding Model with dt = 1.0000003e-05, solver reference = 0.020000000003 and solver impedance = 0.001000000003
	Calculated final value: 0.4753406536143267
Running model "Mujoco" with parameters [3.e-12 3.e-12 4.e-12]
	Simulating Two Spheres Colliding Model with dt = 1.0000003e-05, solver reference = 0.020000000003 and solver impedance = 0.001000000004
	Calculated final value: 0.47534065361363886
Running model "Mujoco" with parameters [3.e-12 3.e-12 5.e-12]
	Simulating Two Spheres Colliding Model with dt = 1.0000003e-05, solver reference = 0.020000000003 and solver impedance = 0.001000000005
	Calculated final value: 0.4753406536129378
Running model "Mujoco" with parameters [3.e-12 3.e-12 6.e-12]
	Simulating Two Spheres Colliding Model with dt = 1.0000003e-05, solver reference = 0.020000000003 and solver impedance = 0.001000000006
	Calculated final value: 0.4753406536122519
Running model "Mujoco" with parameters [3.e-12 3.e-12 7.e-12]
	Simulating Two Spheres Colliding Model with dt = 1.0000003e-05, solver reference = 0.020000000003 and solver impedance = 0.001000000007
	Calculated final value: 0.4753406536115638
Running model "Mujoco" with parameters [3.e-12 3.e-12 8.e-12]
	Simulating Two Spheres Colliding Model with dt = 1.0000003e-05, solver reference = 0.020000000003 and solver impedance = 0.001000000008
	Calculated final value: 0.47534065361087524
Running model "Mujoco" with parameters [3.e-12 3.e-12 9.e-12]
	Simulating Two Spheres Colliding Model with dt = 1.0000003e-05, solver reference = 0.020000000003 and solver impedance = 0.001000000009
	Calculated final value: 0.47534065361019034
Running model "Mujoco" with parameters [3.e-12 3.e-12 1.e-11]
	Simulating Two Spheres Colliding Model with dt = 1.0000003e-05, solver reference = 0.020000000003 and solver impedance = 0.00100000001
	Calculated final value: 0.47534065360949385
Running model "Mujoco" with parameters [3.e-12 4.e-12 1.e-12]
	Simulating Two Spheres Colliding Model with dt = 1.0000003e-05, solver reference = 0.020000000004000002 and solver impedance = 0.001000000001
	Calculated final value: 0.47534065361632893
Running model "Mujoco" with parameters [3.e-12 4.e-12 2.e-12]
	Simulating Two Spheres Colliding Model with dt = 1.0000003e-05, solver reference = 0.020000000004000002 and solver impedance = 0.001000000002
	Calculated final value: 0.4753406536156379
Running model "Mujoco" with parameters [3.e-12 4.e-12 3.e-12]
	Simulating Two Spheres Colliding Model with dt = 1.0000003e-05, solver reference = 0.020000000004000002 and solver impedance = 0.001000000003
	Calculated final value: 0.47534065361494543
Running model "Mujoco" with parameters [3.e-12 4.e-12 4.e-12]
	Simulating Two Spheres Colliding Model with dt = 1.0000003e-05, solver reference = 0.020000000004000002 and solver impedance = 0.001000000004
	Calculated final value: 0.47534065361425654
Running model "Mujoco" with parameters [3.e-12 4.e-12 5.e-12]
	Simulating Two Spheres Colliding Model with dt = 1.0000003e-05, solver reference = 0.020000000004000002 and solver impedance = 0.001000000005
	Calculated final value: 0.4753406536135673
Running model "Mujoco" with parameters [3.e-12 4.e-12 6.e-12]
	Simulating Two Spheres Colliding Model with dt = 1.0000003e-05, solver reference = 0.020000000004000002 and solver impedance = 0.001000000006
	Calculated final value: 0.4753406536128779
Running model "Mujoco" with parameters [3.e-12 4.e-12 7.e-12]
	Simulating Two Spheres Colliding Model with dt = 1.0000003e-05, solver reference = 0.020000000004000002 and solver impedance = 0.001000000007
	Calculated final value: 0.47534065361219047
Running model "Mujoco" with parameters [3.e-12 4.e-12 8.e-12]
	Simulating Two Spheres Colliding Model with dt = 1.0000003e-05, solver reference = 0.020000000004000002 and solver impedance = 0.001000000008
	Calculated final value: 0.4753406536114912
Running model "Mujoco" with parameters [3.e-12 4.e-12 9.e-12]
	Simulating Two Spheres Colliding Model with dt = 1.0000003e-05, solver reference = 0.020000000004000002 and solver impedance = 0.001000000009
	Calculated final value: 0.47534065361080674
Running model "Mujoco" with parameters [3.e-12 4.e-12 1.e-11]
	Simulating Two Spheres Colliding Model with dt = 1.0000003e-05, solver reference = 0.020000000004000002 and solver impedance = 0.00100000001
	Calculated final value: 0.47534065361012084
Running model "Mujoco" with parameters [3.e-12 5.e-12 1.e-12]
	Simulating Two Spheres Colliding Model with dt = 1.0000003e-05, solver reference = 0.020000000005 and solver impedance = 0.001000000001
	Calculated final value: 0.47534065361694244
Running model "Mujoco" with parameters [3.e-12 5.e-12 2.e-12]
	Simulating Two Spheres Colliding Model with dt = 1.0000003e-05, solver reference = 0.020000000005 and solver impedance = 0.001000000002
	Calculated final value: 0.4753406536162572
Running model "Mujoco" with parameters [3.e-12 5.e-12 3.e-12]
	Simulating Two Spheres Colliding Model with dt = 1.0000003e-05, solver reference = 0.020000000005 and solver impedance = 0.001000000003
	Calculated final value: 0.47534065361556954
Running model "Mujoco" with parameters [3.e-12 5.e-12 4.e-12]
	Simulating Two Spheres Colliding Model with dt = 1.0000003e-05, solver reference = 0.020000000005 and solver impedance = 0.001000000004
	Calculated final value: 0.47534065361487615
Running model "Mujoco" with parameters [3.e-12 5.e-12 5.e-12]
	Simulating Two Spheres Colliding Model with dt = 1.0000003e-05, solver reference = 0.020000000005 and solver impedance = 0.001000000005
	Calculated final value: 0.4753406536141896
Running model "Mujoco" with parameters [3.e-12 5.e-12 6.e-12]
	Simulating Two Spheres Colliding Model with dt = 1.0000003e-05, solver reference = 0.020000000005 and solver impedance = 0.001000000006
	Calculated final value: 0.47534065361350475
Running model "Mujoco" with parameters [3.e-12 5.e-12 7.e-12]
	Simulating Two Spheres Colliding Model with dt = 1.0000003e-05, solver reference = 0.020000000005 and solver impedance = 0.001000000007
	Calculated final value: 0.4753406536128111
Running model "Mujoco" with parameters [3.e-12 5.e-12 8.e-12]
	Simulating Two Spheres Colliding Model with dt = 1.0000003e-05, solver reference = 0.020000000005 and solver impedance = 0.001000000008
	Calculated final value: 0.47534065361212474
Running model "Mujoco" with parameters [3.e-12 5.e-12 9.e-12]
	Simulating Two Spheres Colliding Model with dt = 1.0000003e-05, solver reference = 0.020000000005 and solver impedance = 0.001000000009
	Calculated final value: 0.4753406536114315
Running model "Mujoco" with parameters [3.e-12 5.e-12 1.e-11]
	Simulating Two Spheres Colliding Model with dt = 1.0000003e-05, solver reference = 0.020000000005 and solver impedance = 0.00100000001
	Calculated final value: 0.4753406536107393
Running model "Mujoco" with parameters [3.e-12 6.e-12 1.e-12]
	Simulating Two Spheres Colliding Model with dt = 1.0000003e-05, solver reference = 0.020000000006 and solver impedance = 0.001000000001
	Calculated final value: 0.4753406536175551
Running model "Mujoco" with parameters [3.e-12 6.e-12 2.e-12]
	Simulating Two Spheres Colliding Model with dt = 1.0000003e-05, solver reference = 0.020000000006 and solver impedance = 0.001000000002
	Calculated final value: 0.47534065361686656
Running model "Mujoco" with parameters [3.e-12 6.e-12 3.e-12]
	Simulating Two Spheres Colliding Model with dt = 1.0000003e-05, solver reference = 0.020000000006 and solver impedance = 0.001000000003
	Calculated final value: 0.4753406536161727
Running model "Mujoco" with parameters [3.e-12 6.e-12 4.e-12]
	Simulating Two Spheres Colliding Model with dt = 1.0000003e-05, solver reference = 0.020000000006 and solver impedance = 0.001000000004
	Calculated final value: 0.47534065361548844
Running model "Mujoco" with parameters [3.e-12 6.e-12 5.e-12]
	Simulating Two Spheres Colliding Model with dt = 1.0000003e-05, solver reference = 0.020000000006 and solver impedance = 0.001000000005
	Calculated final value: 0.47534065361480493
Running model "Mujoco" with parameters [3.e-12 6.e-12 6.e-12]
	Simulating Two Spheres Colliding Model with dt = 1.0000003e-05, solver reference = 0.020000000006 and solver impedance = 0.001000000006
	Calculated final value: 0.4753406536141269
Running model "Mujoco" with parameters [3.e-12 6.e-12 7.e-12]
	Simulating Two Spheres Colliding Model with dt = 1.0000003e-05, solver reference = 0.020000000006 and solver impedance = 0.001000000007
	Calculated final value: 0.4753406536134328
Running model "Mujoco" with parameters [3.e-12 6.e-12 8.e-12]
	Simulating Two Spheres Colliding Model with dt = 1.0000003e-05, solver reference = 0.020000000006 and solver impedance = 0.001000000008
	Calculated final value: 0.47534065361274563
Running model "Mujoco" with parameters [3.e-12 6.e-12 9.e-12]
	Simulating Two Spheres Colliding Model with dt = 1.0000003e-05, solver reference = 0.020000000006 and solver impedance = 0.001000000009
	Calculated final value: 0.4753406536120593
Running model "Mujoco" with parameters [3.e-12 6.e-12 1.e-11]
	Simulating Two Spheres Colliding Model with dt = 1.0000003e-05, solver reference = 0.020000000006 and solver impedance = 0.00100000001
	Calculated final value: 0.4753406536113699
Running model "Mujoco" with parameters [3.e-12 7.e-12 1.e-12]
	Simulating Two Spheres Colliding Model with dt = 1.0000003e-05, solver reference = 0.020000000007 and solver impedance = 0.001000000001
	Calculated final value: 0.47534065361817734
Running model "Mujoco" with parameters [3.e-12 7.e-12 2.e-12]
	Simulating Two Spheres Colliding Model with dt = 1.0000003e-05, solver reference = 0.020000000007 and solver impedance = 0.001000000002
	Calculated final value: 0.47534065361748845
Running model "Mujoco" with parameters [3.e-12 7.e-12 3.e-12]
	Simulating Two Spheres Colliding Model with dt = 1.0000003e-05, solver reference = 0.020000000007 and solver impedance = 0.001000000003
	Calculated final value: 0.4753406536168029
Running model "Mujoco" with parameters [3.e-12 7.e-12 4.e-12]
	Simulating Two Spheres Colliding Model with dt = 1.0000003e-05, solver reference = 0.020000000007 and solver impedance = 0.001000000004
	Calculated final value: 0.47534065361610917
Running model "Mujoco" with parameters [3.e-12 7.e-12 5.e-12]
	Simulating Two Spheres Colliding Model with dt = 1.0000003e-05, solver reference = 0.020000000007 and solver impedance = 0.001000000005
	Calculated final value: 0.47534065361542677
Running model "Mujoco" with parameters [3.e-12 7.e-12 6.e-12]
	Simulating Two Spheres Colliding Model with dt = 1.0000003e-05, solver reference = 0.020000000007 and solver impedance = 0.001000000006
	Calculated final value: 0.47534065361473105
Running model "Mujoco" with parameters [3.e-12 7.e-12 7.e-12]
	Simulating Two Spheres Colliding Model with dt = 1.0000003e-05, solver reference = 0.020000000007 and solver impedance = 0.001000000007
	Calculated final value: 0.47534065361404354
Running model "Mujoco" with parameters [3.e-12 7.e-12 8.e-12]
	Simulating Two Spheres Colliding Model with dt = 1.0000003e-05, solver reference = 0.020000000007 and solver impedance = 0.001000000008
	Calculated final value: 0.47534065361335714
Running model "Mujoco" with parameters [3.e-12 7.e-12 9.e-12]
	Simulating Two Spheres Colliding Model with dt = 1.0000003e-05, solver reference = 0.020000000007 and solver impedance = 0.001000000009
	Calculated final value: 0.4753406536126799
Running model "Mujoco" with parameters [3.e-12 7.e-12 1.e-11]
	Simulating Two Spheres Colliding Model with dt = 1.0000003e-05, solver reference = 0.020000000007 and solver impedance = 0.00100000001
	Calculated final value: 0.47534065361198846
Running model "Mujoco" with parameters [3.e-12 8.e-12 1.e-12]
	Simulating Two Spheres Colliding Model with dt = 1.0000003e-05, solver reference = 0.020000000008 and solver impedance = 0.001000000001
	Calculated final value: 0.4753406536187952
Running model "Mujoco" with parameters [3.e-12 8.e-12 2.e-12]
	Simulating Two Spheres Colliding Model with dt = 1.0000003e-05, solver reference = 0.020000000008 and solver impedance = 0.001000000002
	Calculated final value: 0.4753406536181197
Running model "Mujoco" with parameters [3.e-12 8.e-12 3.e-12]
	Simulating Two Spheres Colliding Model with dt = 1.0000003e-05, solver reference = 0.020000000008 and solver impedance = 0.001000000003
	Calculated final value: 0.47534065361742217
Running model "Mujoco" with parameters [3.e-12 8.e-12 4.e-12]
	Simulating Two Spheres Colliding Model with dt = 1.0000003e-05, solver reference = 0.020000000008 and solver impedance = 0.001000000004
	Calculated final value: 0.47534065361673106
Running model "Mujoco" with parameters [3.e-12 8.e-12 5.e-12]
	Simulating Two Spheres Colliding Model with dt = 1.0000003e-05, solver reference = 0.020000000008 and solver impedance = 0.001000000005
	Calculated final value: 0.4753406536160354
Running model "Mujoco" with parameters [3.e-12 8.e-12 6.e-12]
	Simulating Two Spheres Colliding Model with dt = 1.0000003e-05, solver reference = 0.020000000008 and solver impedance = 0.001000000006
	Calculated final value: 0.47534065361535416
Running model "Mujoco" with parameters [3.e-12 8.e-12 7.e-12]
	Simulating Two Spheres Colliding Model with dt = 1.0000003e-05, solver reference = 0.020000000008 and solver impedance = 0.001000000007
	Calculated final value: 0.4753406536146631
Running model "Mujoco" with parameters [3.e-12 8.e-12 8.e-12]
	Simulating Two Spheres Colliding Model with dt = 1.0000003e-05, solver reference = 0.020000000008 and solver impedance = 0.001000000008
	Calculated final value: 0.475340653613968
Running model "Mujoco" with parameters [3.e-12 8.e-12 9.e-12]
	Simulating Two Spheres Colliding Model with dt = 1.0000003e-05, solver reference = 0.020000000008 and solver impedance = 0.001000000009
	Calculated final value: 0.4753406536132766
Running model "Mujoco" with parameters [3.e-12 8.e-12 1.e-11]
	Simulating Two Spheres Colliding Model with dt = 1.0000003e-05, solver reference = 0.020000000008 and solver impedance = 0.00100000001
	Calculated final value: 0.4753406536125976
Running model "Mujoco" with parameters [3.e-12 9.e-12 1.e-12]
	Simulating Two Spheres Colliding Model with dt = 1.0000003e-05, solver reference = 0.020000000009 and solver impedance = 0.001000000001
	Calculated final value: 0.47534065361941374
Running model "Mujoco" with parameters [3.e-12 9.e-12 2.e-12]
	Simulating Two Spheres Colliding Model with dt = 1.0000003e-05, solver reference = 0.020000000009 and solver impedance = 0.001000000002
	Calculated final value: 0.4753406536187332
Running model "Mujoco" with parameters [3.e-12 9.e-12 3.e-12]
	Simulating Two Spheres Colliding Model with dt = 1.0000003e-05, solver reference = 0.020000000009 and solver impedance = 0.001000000003
	Calculated final value: 0.47534065361805067
Running model "Mujoco" with parameters [3.e-12 9.e-12 4.e-12]
	Simulating Two Spheres Colliding Model with dt = 1.0000003e-05, solver reference = 0.020000000009 and solver impedance = 0.001000000004
	Calculated final value: 0.4753406536173643
Running model "Mujoco" with parameters [3.e-12 9.e-12 5.e-12]
	Simulating Two Spheres Colliding Model with dt = 1.0000003e-05, solver reference = 0.020000000009 and solver impedance = 0.001000000005
	Calculated final value: 0.47534065361666805
Running model "Mujoco" with parameters [3.e-12 9.e-12 6.e-12]
	Simulating Two Spheres Colliding Model with dt = 1.0000003e-05, solver reference = 0.020000000009 and solver impedance = 0.001000000006
	Calculated final value: 0.4753406536159759
Running model "Mujoco" with parameters [3.e-12 9.e-12 7.e-12]
	Simulating Two Spheres Colliding Model with dt = 1.0000003e-05, solver reference = 0.020000000009 and solver impedance = 0.001000000007
	Calculated final value: 0.4753406536152831
Running model "Mujoco" with parameters [3.e-12 9.e-12 8.e-12]
	Simulating Two Spheres Colliding Model with dt = 1.0000003e-05, solver reference = 0.020000000009 and solver impedance = 0.001000000008
	Calculated final value: 0.4753406536146003
Running model "Mujoco" with parameters [3.e-12 9.e-12 9.e-12]
	Simulating Two Spheres Colliding Model with dt = 1.0000003e-05, solver reference = 0.020000000009 and solver impedance = 0.001000000009
	Calculated final value: 0.4753406536139125
Running model "Mujoco" with parameters [3.e-12 9.e-12 1.e-11]
	Simulating Two Spheres Colliding Model with dt = 1.0000003e-05, solver reference = 0.020000000009 and solver impedance = 0.00100000001
	Calculated final value: 0.4753406536132205
Running model "Mujoco" with parameters [3.e-12 1.e-11 1.e-12]
	Simulating Two Spheres Colliding Model with dt = 1.0000003e-05, solver reference = 0.02000000001 and solver impedance = 0.001000000001
	Calculated final value: 0.47534065362002886
Running model "Mujoco" with parameters [3.e-12 1.e-11 2.e-12]
	Simulating Two Spheres Colliding Model with dt = 1.0000003e-05, solver reference = 0.02000000001 and solver impedance = 0.001000000002
	Calculated final value: 0.4753406536193342
Running model "Mujoco" with parameters [3.e-12 1.e-11 3.e-12]
	Simulating Two Spheres Colliding Model with dt = 1.0000003e-05, solver reference = 0.02000000001 and solver impedance = 0.001000000003
	Calculated final value: 0.47534065361865324
Running model "Mujoco" with parameters [3.e-12 1.e-11 4.e-12]
	Simulating Two Spheres Colliding Model with dt = 1.0000003e-05, solver reference = 0.02000000001 and solver impedance = 0.001000000004
	Calculated final value: 0.47534065361797384
Running model "Mujoco" with parameters [3.e-12 1.e-11 5.e-12]
	Simulating Two Spheres Colliding Model with dt = 1.0000003e-05, solver reference = 0.02000000001 and solver impedance = 0.001000000005
	Calculated final value: 0.4753406536172935
Running model "Mujoco" with parameters [3.e-12 1.e-11 6.e-12]
	Simulating Two Spheres Colliding Model with dt = 1.0000003e-05, solver reference = 0.02000000001 and solver impedance = 0.001000000006
	Calculated final value: 0.4753406536166158
Running model "Mujoco" with parameters [3.e-12 1.e-11 7.e-12]
	Simulating Two Spheres Colliding Model with dt = 1.0000003e-05, solver reference = 0.02000000001 and solver impedance = 0.001000000007
	Calculated final value: 0.4753406536159228
Running model "Mujoco" with parameters [3.e-12 1.e-11 8.e-12]
	Simulating Two Spheres Colliding Model with dt = 1.0000003e-05, solver reference = 0.02000000001 and solver impedance = 0.001000000008
	Calculated final value: 0.4753406536152289
Running model "Mujoco" with parameters [3.e-12 1.e-11 9.e-12]
	Simulating Two Spheres Colliding Model with dt = 1.0000003e-05, solver reference = 0.02000000001 and solver impedance = 0.001000000009
	Calculated final value: 0.4753406536145321
Running model "Mujoco" with parameters [3.e-12 1.e-11 1.e-11]
	Simulating Two Spheres Colliding Model with dt = 1.0000003e-05, solver reference = 0.02000000001 and solver impedance = 0.00100000001
	Calculated final value: 0.4753406536138409
Running model "Mujoco" with parameters [4.e-12 1.e-12 1.e-12]
	Simulating Two Spheres Colliding Model with dt = 1.0000004e-05, solver reference = 0.020000000001 and solver impedance = 0.001000000001
	Calculated final value: 0.47534062259604304
Running model "Mujoco" with parameters [4.e-12 1.e-12 2.e-12]
	Simulating Two Spheres Colliding Model with dt = 1.0000004e-05, solver reference = 0.020000000001 and solver impedance = 0.001000000002
	Calculated final value: 0.4753406225953518
Running model "Mujoco" with parameters [4.e-12 1.e-12 3.e-12]
	Simulating Two Spheres Colliding Model with dt = 1.0000004e-05, solver reference = 0.020000000001 and solver impedance = 0.001000000003
	Calculated final value: 0.4753406225946586
Running model "Mujoco" with parameters [4.e-12 1.e-12 4.e-12]
	Simulating Two Spheres Colliding Model with dt = 1.0000004e-05, solver reference = 0.020000000001 and solver impedance = 0.001000000004
	Calculated final value: 0.47534062259397625
Running model "Mujoco" with parameters [4.e-12 1.e-12 5.e-12]
	Simulating Two Spheres Colliding Model with dt = 1.0000004e-05, solver reference = 0.020000000001 and solver impedance = 0.001000000005
	Calculated final value: 0.4753406225932878
Running model "Mujoco" with parameters [4.e-12 1.e-12 6.e-12]
	Simulating Two Spheres Colliding Model with dt = 1.0000004e-05, solver reference = 0.020000000001 and solver impedance = 0.001000000006
	Calculated final value: 0.47534062259259036
Running model "Mujoco" with parameters [4.e-12 1.e-12 7.e-12]
	Simulating Two Spheres Colliding Model with dt = 1.0000004e-05, solver reference = 0.020000000001 and solver impedance = 0.001000000007
	Calculated final value: 0.4753406225918996
Running model "Mujoco" with parameters [4.e-12 1.e-12 8.e-12]
	Simulating Two Spheres Colliding Model with dt = 1.0000004e-05, solver reference = 0.020000000001 and solver impedance = 0.001000000008
	Calculated final value: 0.4753406225912209
Running model "Mujoco" with parameters [4.e-12 1.e-12 9.e-12]
	Simulating Two Spheres Colliding Model with dt = 1.0000004e-05, solver reference = 0.020000000001 and solver impedance = 0.001000000009
	Calculated final value: 0.4753406225905358
Running model "Mujoco" with parameters [4.e-12 1.e-12 1.e-11]
	Simulating Two Spheres Colliding Model with dt = 1.0000004e-05, solver reference = 0.020000000001 and solver impedance = 0.00100000001
	Calculated final value: 0.47534062258984405
Running model "Mujoco" with parameters [4.e-12 2.e-12 1.e-12]
	Simulating Two Spheres Colliding Model with dt = 1.0000004e-05, solver reference = 0.020000000002 and solver impedance = 0.001000000001
	Calculated final value: 0.4753406225966446
Running model "Mujoco" with parameters [4.e-12 2.e-12 2.e-12]
	Simulating Two Spheres Colliding Model with dt = 1.0000004e-05, solver reference = 0.020000000002 and solver impedance = 0.001000000002
	Calculated final value: 0.4753406225959608
Running model "Mujoco" with parameters [4.e-12 2.e-12 3.e-12]
	Simulating Two Spheres Colliding Model with dt = 1.0000004e-05, solver reference = 0.020000000002 and solver impedance = 0.001000000003
	Calculated final value: 0.4753406225952714
Running model "Mujoco" with parameters [4.e-12 2.e-12 4.e-12]
	Simulating Two Spheres Colliding Model with dt = 1.0000004e-05, solver reference = 0.020000000002 and solver impedance = 0.001000000004
	Calculated final value: 0.4753406225945893
Running model "Mujoco" with parameters [4.e-12 2.e-12 5.e-12]
	Simulating Two Spheres Colliding Model with dt = 1.0000004e-05, solver reference = 0.020000000002 and solver impedance = 0.001000000005
	Calculated final value: 0.4753406225939061
Running model "Mujoco" with parameters [4.e-12 2.e-12 6.e-12]
	Simulating Two Spheres Colliding Model with dt = 1.0000004e-05, solver reference = 0.020000000002 and solver impedance = 0.001000000006
	Calculated final value: 0.4753406225932177
Running model "Mujoco" with parameters [4.e-12 2.e-12 7.e-12]
	Simulating Two Spheres Colliding Model with dt = 1.0000004e-05, solver reference = 0.020000000002 and solver impedance = 0.001000000007
	Calculated final value: 0.4753406225925368
Running model "Mujoco" with parameters [4.e-12 2.e-12 8.e-12]
	Simulating Two Spheres Colliding Model with dt = 1.0000004e-05, solver reference = 0.020000000002 and solver impedance = 0.001000000008
	Calculated final value: 0.4753406225918382
Running model "Mujoco" with parameters [4.e-12 2.e-12 9.e-12]
	Simulating Two Spheres Colliding Model with dt = 1.0000004e-05, solver reference = 0.020000000002 and solver impedance = 0.001000000009
	Calculated final value: 0.475340622591149
Running model "Mujoco" with parameters [4.e-12 2.e-12 1.e-11]
	Simulating Two Spheres Colliding Model with dt = 1.0000004e-05, solver reference = 0.020000000002 and solver impedance = 0.00100000001
	Calculated final value: 0.47534062259046916
Running model "Mujoco" with parameters [4.e-12 3.e-12 1.e-12]
	Simulating Two Spheres Colliding Model with dt = 1.0000004e-05, solver reference = 0.020000000003 and solver impedance = 0.001000000001
	Calculated final value: 0.47534062259728116
Running model "Mujoco" with parameters [4.e-12 3.e-12 2.e-12]
	Simulating Two Spheres Colliding Model with dt = 1.0000004e-05, solver reference = 0.020000000003 and solver impedance = 0.001000000002
	Calculated final value: 0.47534062259658844
Running model "Mujoco" with parameters [4.e-12 3.e-12 3.e-12]
	Simulating Two Spheres Colliding Model with dt = 1.0000004e-05, solver reference = 0.020000000003 and solver impedance = 0.001000000003
	Calculated final value: 0.47534062259589976
Running model "Mujoco" with parameters [4.e-12 3.e-12 4.e-12]
	Simulating Two Spheres Colliding Model with dt = 1.0000004e-05, solver reference = 0.020000000003 and solver impedance = 0.001000000004
	Calculated final value: 0.4753406225952089
Running model "Mujoco" with parameters [4.e-12 3.e-12 5.e-12]
	Simulating Two Spheres Colliding Model with dt = 1.0000004e-05, solver reference = 0.020000000003 and solver impedance = 0.001000000005
	Calculated final value: 0.47534062259452603
Running model "Mujoco" with parameters [4.e-12 3.e-12 6.e-12]
	Simulating Two Spheres Colliding Model with dt = 1.0000004e-05, solver reference = 0.020000000003 and solver impedance = 0.001000000006
	Calculated final value: 0.47534062259383403
Running model "Mujoco" with parameters [4.e-12 3.e-12 7.e-12]
	Simulating Two Spheres Colliding Model with dt = 1.0000004e-05, solver reference = 0.020000000003 and solver impedance = 0.001000000007
	Calculated final value: 0.4753406225931484
Running model "Mujoco" with parameters [4.e-12 3.e-12 8.e-12]
	Simulating Two Spheres Colliding Model with dt = 1.0000004e-05, solver reference = 0.020000000003 and solver impedance = 0.001000000008
	Calculated final value: 0.4753406225924607
Running model "Mujoco" with parameters [4.e-12 3.e-12 9.e-12]
	Simulating Two Spheres Colliding Model with dt = 1.0000004e-05, solver reference = 0.020000000003 and solver impedance = 0.001000000009
	Calculated final value: 0.4753406225917684
Running model "Mujoco" with parameters [4.e-12 3.e-12 1.e-11]
	Simulating Two Spheres Colliding Model with dt = 1.0000004e-05, solver reference = 0.020000000003 and solver impedance = 0.00100000001
	Calculated final value: 0.47534062259107246
Running model "Mujoco" with parameters [4.e-12 4.e-12 1.e-12]
	Simulating Two Spheres Colliding Model with dt = 1.0000004e-05, solver reference = 0.020000000004000002 and solver impedance = 0.001000000001
	Calculated final value: 0.47534062259789467
Running model "Mujoco" with parameters [4.e-12 4.e-12 2.e-12]
	Simulating Two Spheres Colliding Model with dt = 1.0000004e-05, solver reference = 0.020000000004000002 and solver impedance = 0.001000000002
	Calculated final value: 0.47534062259720766
Running model "Mujoco" with parameters [4.e-12 4.e-12 3.e-12]
	Simulating Two Spheres Colliding Model with dt = 1.0000004e-05, solver reference = 0.020000000004000002 and solver impedance = 0.001000000003
	Calculated final value: 0.47534062259652055
Running model "Mujoco" with parameters [4.e-12 4.e-12 4.e-12]
	Simulating Two Spheres Colliding Model with dt = 1.0000004e-05, solver reference = 0.020000000004000002 and solver impedance = 0.001000000004
	Calculated final value: 0.475340622595833
Running model "Mujoco" with parameters [4.e-12 4.e-12 5.e-12]
	Simulating Two Spheres Colliding Model with dt = 1.0000004e-05, solver reference = 0.020000000004000002 and solver impedance = 0.001000000005
	Calculated final value: 0.4753406225951496
Running model "Mujoco" with parameters [4.e-12 4.e-12 6.e-12]
	Simulating Two Spheres Colliding Model with dt = 1.0000004e-05, solver reference = 0.020000000004000002 and solver impedance = 0.001000000006
	Calculated final value: 0.47534062259446175
Running model "Mujoco" with parameters [4.e-12 4.e-12 7.e-12]
	Simulating Two Spheres Colliding Model with dt = 1.0000004e-05, solver reference = 0.020000000004000002 and solver impedance = 0.001000000007
	Calculated final value: 0.47534062259376453
Running model "Mujoco" with parameters [4.e-12 4.e-12 8.e-12]
	Simulating Two Spheres Colliding Model with dt = 1.0000004e-05, solver reference = 0.020000000004000002 and solver impedance = 0.001000000008
	Calculated final value: 0.4753406225930785
Running model "Mujoco" with parameters [4.e-12 4.e-12 9.e-12]
	Simulating Two Spheres Colliding Model with dt = 1.0000004e-05, solver reference = 0.020000000004000002 and solver impedance = 0.001000000009
	Calculated final value: 0.4753406225923961
Running model "Mujoco" with parameters [4.e-12 4.e-12 1.e-11]
	Simulating Two Spheres Colliding Model with dt = 1.0000004e-05, solver reference = 0.020000000004000002 and solver impedance = 0.00100000001
	Calculated final value: 0.4753406225917083
Running model "Mujoco" with parameters [4.e-12 5.e-12 1.e-12]
	Simulating Two Spheres Colliding Model with dt = 1.0000004e-05, solver reference = 0.020000000005 and solver impedance = 0.001000000001
	Calculated final value: 0.4753406225985083
Running model "Mujoco" with parameters [4.e-12 5.e-12 2.e-12]
	Simulating Two Spheres Colliding Model with dt = 1.0000004e-05, solver reference = 0.020000000005 and solver impedance = 0.001000000002
	Calculated final value: 0.4753406225978182
Running model "Mujoco" with parameters [4.e-12 5.e-12 3.e-12]
	Simulating Two Spheres Colliding Model with dt = 1.0000004e-05, solver reference = 0.020000000005 and solver impedance = 0.001000000003
	Calculated final value: 0.4753406225971306
Running model "Mujoco" with parameters [4.e-12 5.e-12 4.e-12]
	Simulating Two Spheres Colliding Model with dt = 1.0000004e-05, solver reference = 0.020000000005 and solver impedance = 0.001000000004
	Calculated final value: 0.47534062259645116
Running model "Mujoco" with parameters [4.e-12 5.e-12 5.e-12]
	Simulating Two Spheres Colliding Model with dt = 1.0000004e-05, solver reference = 0.020000000005 and solver impedance = 0.001000000005
	Calculated final value: 0.4753406225957634
Running model "Mujoco" with parameters [4.e-12 5.e-12 6.e-12]
	Simulating Two Spheres Colliding Model with dt = 1.0000004e-05, solver reference = 0.020000000005 and solver impedance = 0.001000000006
	Calculated final value: 0.4753406225950724
Running model "Mujoco" with parameters [4.e-12 5.e-12 7.e-12]
	Simulating Two Spheres Colliding Model with dt = 1.0000004e-05, solver reference = 0.020000000005 and solver impedance = 0.001000000007
	Calculated final value: 0.4753406225943825
Running model "Mujoco" with parameters [4.e-12 5.e-12 8.e-12]
	Simulating Two Spheres Colliding Model with dt = 1.0000004e-05, solver reference = 0.020000000005 and solver impedance = 0.001000000008
	Calculated final value: 0.4753406225937043
Running model "Mujoco" with parameters [4.e-12 5.e-12 9.e-12]
	Simulating Two Spheres Colliding Model with dt = 1.0000004e-05, solver reference = 0.020000000005 and solver impedance = 0.001000000009
	Calculated final value: 0.4753406225930138
Running model "Mujoco" with parameters [4.e-12 5.e-12 1.e-11]
	Simulating Two Spheres Colliding Model with dt = 1.0000004e-05, solver reference = 0.020000000005 and solver impedance = 0.00100000001
	Calculated final value: 0.4753406225923246
Running model "Mujoco" with parameters [4.e-12 6.e-12 1.e-12]
	Simulating Two Spheres Colliding Model with dt = 1.0000004e-05, solver reference = 0.020000000006 and solver impedance = 0.001000000001
	Calculated final value: 0.4753406225991368
Running model "Mujoco" with parameters [4.e-12 6.e-12 2.e-12]
	Simulating Two Spheres Colliding Model with dt = 1.0000004e-05, solver reference = 0.020000000006 and solver impedance = 0.001000000002
	Calculated final value: 0.47534062259844684
Running model "Mujoco" with parameters [4.e-12 6.e-12 3.e-12]
	Simulating Two Spheres Colliding Model with dt = 1.0000004e-05, solver reference = 0.020000000006 and solver impedance = 0.001000000003
	Calculated final value: 0.4753406225977603
Running model "Mujoco" with parameters [4.e-12 6.e-12 4.e-12]
	Simulating Two Spheres Colliding Model with dt = 1.0000004e-05, solver reference = 0.020000000006 and solver impedance = 0.001000000004
	Calculated final value: 0.4753406225970711
Running model "Mujoco" with parameters [4.e-12 6.e-12 5.e-12]
	Simulating Two Spheres Colliding Model with dt = 1.0000004e-05, solver reference = 0.020000000006 and solver impedance = 0.001000000005
	Calculated final value: 0.47534062259638515
Running model "Mujoco" with parameters [4.e-12 6.e-12 6.e-12]
	Simulating Two Spheres Colliding Model with dt = 1.0000004e-05, solver reference = 0.020000000006 and solver impedance = 0.001000000006
	Calculated final value: 0.4753406225957
Running model "Mujoco" with parameters [4.e-12 6.e-12 7.e-12]
	Simulating Two Spheres Colliding Model with dt = 1.0000004e-05, solver reference = 0.020000000006 and solver impedance = 0.001000000007
	Calculated final value: 0.4753406225950068
Running model "Mujoco" with parameters [4.e-12 6.e-12 8.e-12]
	Simulating Two Spheres Colliding Model with dt = 1.0000004e-05, solver reference = 0.020000000006 and solver impedance = 0.001000000008
	Calculated final value: 0.4753406225943172
Running model "Mujoco" with parameters [4.e-12 6.e-12 9.e-12]
	Simulating Two Spheres Colliding Model with dt = 1.0000004e-05, solver reference = 0.020000000006 and solver impedance = 0.001000000009
	Calculated final value: 0.475340622593631
Running model "Mujoco" with parameters [4.e-12 6.e-12 1.e-11]
	Simulating Two Spheres Colliding Model with dt = 1.0000004e-05, solver reference = 0.020000000006 and solver impedance = 0.00100000001
	Calculated final value: 0.47534062259294696
Running model "Mujoco" with parameters [4.e-12 7.e-12 1.e-12]
	Simulating Two Spheres Colliding Model with dt = 1.0000004e-05, solver reference = 0.020000000007 and solver impedance = 0.001000000001
	Calculated final value: 0.4753406225997514
Running model "Mujoco" with parameters [4.e-12 7.e-12 2.e-12]
	Simulating Two Spheres Colliding Model with dt = 1.0000004e-05, solver reference = 0.020000000007 and solver impedance = 0.001000000002
	Calculated final value: 0.4753406225990591
Running model "Mujoco" with parameters [4.e-12 7.e-12 3.e-12]
	Simulating Two Spheres Colliding Model with dt = 1.0000004e-05, solver reference = 0.020000000007 and solver impedance = 0.001000000003
	Calculated final value: 0.475340622598368
Running model "Mujoco" with parameters [4.e-12 7.e-12 4.e-12]
	Simulating Two Spheres Colliding Model with dt = 1.0000004e-05, solver reference = 0.020000000007 and solver impedance = 0.001000000004
	Calculated final value: 0.47534062259767984
Running model "Mujoco" with parameters [4.e-12 7.e-12 5.e-12]
	Simulating Two Spheres Colliding Model with dt = 1.0000004e-05, solver reference = 0.020000000007 and solver impedance = 0.001000000005
	Calculated final value: 0.4753406225969953
Running model "Mujoco" with parameters [4.e-12 7.e-12 6.e-12]
	Simulating Two Spheres Colliding Model with dt = 1.0000004e-05, solver reference = 0.020000000007 and solver impedance = 0.001000000006
	Calculated final value: 0.47534062259630167
Running model "Mujoco" with parameters [4.e-12 7.e-12 7.e-12]
	Simulating Two Spheres Colliding Model with dt = 1.0000004e-05, solver reference = 0.020000000007 and solver impedance = 0.001000000007
	Calculated final value: 0.47534062259561494
Running model "Mujoco" with parameters [4.e-12 7.e-12 8.e-12]
	Simulating Two Spheres Colliding Model with dt = 1.0000004e-05, solver reference = 0.020000000007 and solver impedance = 0.001000000008
	Calculated final value: 0.47534062259493504
Running model "Mujoco" with parameters [4.e-12 7.e-12 9.e-12]
	Simulating Two Spheres Colliding Model with dt = 1.0000004e-05, solver reference = 0.020000000007 and solver impedance = 0.001000000009
	Calculated final value: 0.47534062259424814
Running model "Mujoco" with parameters [4.e-12 7.e-12 1.e-11]
	Simulating Two Spheres Colliding Model with dt = 1.0000004e-05, solver reference = 0.020000000007 and solver impedance = 0.00100000001
	Calculated final value: 0.47534062259355936
Running model "Mujoco" with parameters [4.e-12 8.e-12 1.e-12]
	Simulating Two Spheres Colliding Model with dt = 1.0000004e-05, solver reference = 0.020000000008 and solver impedance = 0.001000000001
	Calculated final value: 0.4753406226003699
Running model "Mujoco" with parameters [4.e-12 8.e-12 2.e-12]
	Simulating Two Spheres Colliding Model with dt = 1.0000004e-05, solver reference = 0.020000000008 and solver impedance = 0.001000000002
	Calculated final value: 0.47534062259968196
Running model "Mujoco" with parameters [4.e-12 8.e-12 3.e-12]
	Simulating Two Spheres Colliding Model with dt = 1.0000004e-05, solver reference = 0.020000000008 and solver impedance = 0.001000000003
	Calculated final value: 0.4753406225989932
Running model "Mujoco" with parameters [4.e-12 8.e-12 4.e-12]
	Simulating Two Spheres Colliding Model with dt = 1.0000004e-05, solver reference = 0.020000000008 and solver impedance = 0.001000000004
	Calculated final value: 0.47534062259830206
Running model "Mujoco" with parameters [4.e-12 8.e-12 5.e-12]
	Simulating Two Spheres Colliding Model with dt = 1.0000004e-05, solver reference = 0.020000000008 and solver impedance = 0.001000000005
	Calculated final value: 0.4753406225976195
Running model "Mujoco" with parameters [4.e-12 8.e-12 6.e-12]
	Simulating Two Spheres Colliding Model with dt = 1.0000004e-05, solver reference = 0.020000000008 and solver impedance = 0.001000000006
	Calculated final value: 0.4753406225969263
Running model "Mujoco" with parameters [4.e-12 8.e-12 7.e-12]
	Simulating Two Spheres Colliding Model with dt = 1.0000004e-05, solver reference = 0.020000000008 and solver impedance = 0.001000000007
	Calculated final value: 0.4753406225962288
Running model "Mujoco" with parameters [4.e-12 8.e-12 8.e-12]
	Simulating Two Spheres Colliding Model with dt = 1.0000004e-05, solver reference = 0.020000000008 and solver impedance = 0.001000000008
	Calculated final value: 0.4753406225955448
Running model "Mujoco" with parameters [4.e-12 8.e-12 9.e-12]
	Simulating Two Spheres Colliding Model with dt = 1.0000004e-05, solver reference = 0.020000000008 and solver impedance = 0.001000000009
	Calculated final value: 0.47534062259486837
Running model "Mujoco" with parameters [4.e-12 8.e-12 1.e-11]
	Simulating Two Spheres Colliding Model with dt = 1.0000004e-05, solver reference = 0.020000000008 and solver impedance = 0.00100000001
	Calculated final value: 0.47534062259418736
Running model "Mujoco" with parameters [4.e-12 9.e-12 1.e-12]
	Simulating Two Spheres Colliding Model with dt = 1.0000004e-05, solver reference = 0.020000000009 and solver impedance = 0.001000000001
	Calculated final value: 0.4753406226009879
Running model "Mujoco" with parameters [4.e-12 9.e-12 2.e-12]
	Simulating Two Spheres Colliding Model with dt = 1.0000004e-05, solver reference = 0.020000000009 and solver impedance = 0.001000000002
	Calculated final value: 0.4753406226002962
Running model "Mujoco" with parameters [4.e-12 9.e-12 3.e-12]
	Simulating Two Spheres Colliding Model with dt = 1.0000004e-05, solver reference = 0.020000000009 and solver impedance = 0.001000000003
	Calculated final value: 0.47534062259960663
Running model "Mujoco" with parameters [4.e-12 9.e-12 4.e-12]
	Simulating Two Spheres Colliding Model with dt = 1.0000004e-05, solver reference = 0.020000000009 and solver impedance = 0.001000000004
	Calculated final value: 0.4753406225989155
Running model "Mujoco" with parameters [4.e-12 9.e-12 5.e-12]
	Simulating Two Spheres Colliding Model with dt = 1.0000004e-05, solver reference = 0.020000000009 and solver impedance = 0.001000000005
	Calculated final value: 0.4753406225982297
Running model "Mujoco" with parameters [4.e-12 9.e-12 6.e-12]
	Simulating Two Spheres Colliding Model with dt = 1.0000004e-05, solver reference = 0.020000000009 and solver impedance = 0.001000000006
	Calculated final value: 0.4753406225975426
Running model "Mujoco" with parameters [4.e-12 9.e-12 7.e-12]
	Simulating Two Spheres Colliding Model with dt = 1.0000004e-05, solver reference = 0.020000000009 and solver impedance = 0.001000000007
	Calculated final value: 0.475340622596851
Running model "Mujoco" with parameters [4.e-12 9.e-12 8.e-12]
	Simulating Two Spheres Colliding Model with dt = 1.0000004e-05, solver reference = 0.020000000009 and solver impedance = 0.001000000008
	Calculated final value: 0.47534062259617177
Running model "Mujoco" with parameters [4.e-12 9.e-12 9.e-12]
	Simulating Two Spheres Colliding Model with dt = 1.0000004e-05, solver reference = 0.020000000009 and solver impedance = 0.001000000009
	Calculated final value: 0.4753406225954729
Running model "Mujoco" with parameters [4.e-12 9.e-12 1.e-11]
	Simulating Two Spheres Colliding Model with dt = 1.0000004e-05, solver reference = 0.020000000009 and solver impedance = 0.00100000001
	Calculated final value: 0.4753406225947926
Running model "Mujoco" with parameters [4.e-12 1.e-11 1.e-12]
	Simulating Two Spheres Colliding Model with dt = 1.0000004e-05, solver reference = 0.02000000001 and solver impedance = 0.001000000001
	Calculated final value: 0.47534062260161436
Running model "Mujoco" with parameters [4.e-12 1.e-11 2.e-12]
	Simulating Two Spheres Colliding Model with dt = 1.0000004e-05, solver reference = 0.02000000001 and solver impedance = 0.001000000002
	Calculated final value: 0.4753406226009274
Running model "Mujoco" with parameters [4.e-12 1.e-11 3.e-12]
	Simulating Two Spheres Colliding Model with dt = 1.0000004e-05, solver reference = 0.02000000001 and solver impedance = 0.001000000003
	Calculated final value: 0.4753406226002397
Running model "Mujoco" with parameters [4.e-12 1.e-11 4.e-12]
	Simulating Two Spheres Colliding Model with dt = 1.0000004e-05, solver reference = 0.02000000001 and solver impedance = 0.001000000004
	Calculated final value: 0.47534062259954557
Running model "Mujoco" with parameters [4.e-12 1.e-11 5.e-12]
	Simulating Two Spheres Colliding Model with dt = 1.0000004e-05, solver reference = 0.02000000001 and solver impedance = 0.001000000005
	Calculated final value: 0.4753406225988518
Running model "Mujoco" with parameters [4.e-12 1.e-11 6.e-12]
	Simulating Two Spheres Colliding Model with dt = 1.0000004e-05, solver reference = 0.02000000001 and solver impedance = 0.001000000006
	Calculated final value: 0.47534062259816434
Running model "Mujoco" with parameters [4.e-12 1.e-11 7.e-12]
	Simulating Two Spheres Colliding Model with dt = 1.0000004e-05, solver reference = 0.02000000001 and solver impedance = 0.001000000007
	Calculated final value: 0.4753406225974735
Running model "Mujoco" with parameters [4.e-12 1.e-11 8.e-12]
	Simulating Two Spheres Colliding Model with dt = 1.0000004e-05, solver reference = 0.02000000001 and solver impedance = 0.001000000008
	Calculated final value: 0.4753406225967788
Running model "Mujoco" with parameters [4.e-12 1.e-11 9.e-12]
	Simulating Two Spheres Colliding Model with dt = 1.0000004e-05, solver reference = 0.02000000001 and solver impedance = 0.001000000009
	Calculated final value: 0.47534062259609555
Running model "Mujoco" with parameters [4.e-12 1.e-11 1.e-11]
	Simulating Two Spheres Colliding Model with dt = 1.0000004e-05, solver reference = 0.02000000001 and solver impedance = 0.00100000001
	Calculated final value: 0.4753406225954099
Running model "Mujoco" with parameters [5.e-12 1.e-12 1.e-12]
	Simulating Two Spheres Colliding Model with dt = 1.0000005000000001e-05, solver reference = 0.020000000001 and solver impedance = 0.001000000001
	Calculated final value: 0.47534059157765224
Running model "Mujoco" with parameters [5.e-12 1.e-12 2.e-12]
	Simulating Two Spheres Colliding Model with dt = 1.0000005000000001e-05, solver reference = 0.020000000001 and solver impedance = 0.001000000002
	Calculated final value: 0.4753405915769685
Running model "Mujoco" with parameters [5.e-12 1.e-12 3.e-12]
	Simulating Two Spheres Colliding Model with dt = 1.0000005000000001e-05, solver reference = 0.020000000001 and solver impedance = 0.001000000003
	Calculated final value: 0.4753405915762833
Running model "Mujoco" with parameters [5.e-12 1.e-12 4.e-12]
	Simulating Two Spheres Colliding Model with dt = 1.0000005000000001e-05, solver reference = 0.020000000001 and solver impedance = 0.001000000004
	Calculated final value: 0.4753405915755933
Running model "Mujoco" with parameters [5.e-12 1.e-12 5.e-12]
	Simulating Two Spheres Colliding Model with dt = 1.0000005000000001e-05, solver reference = 0.020000000001 and solver impedance = 0.001000000005
	Calculated final value: 0.4753405915749024
Running model "Mujoco" with parameters [5.e-12 1.e-12 6.e-12]
	Simulating Two Spheres Colliding Model with dt = 1.0000005000000001e-05, solver reference = 0.020000000001 and solver impedance = 0.001000000006
	Calculated final value: 0.4753405915742162
Running model "Mujoco" with parameters [5.e-12 1.e-12 7.e-12]
	Simulating Two Spheres Colliding Model with dt = 1.0000005000000001e-05, solver reference = 0.020000000001 and solver impedance = 0.001000000007
	Calculated final value: 0.47534059157352676
Running model "Mujoco" with parameters [5.e-12 1.e-12 8.e-12]
	Simulating Two Spheres Colliding Model with dt = 1.0000005000000001e-05, solver reference = 0.020000000001 and solver impedance = 0.001000000008
	Calculated final value: 0.47534059157284075
Running model "Mujoco" with parameters [5.e-12 1.e-12 9.e-12]
	Simulating Two Spheres Colliding Model with dt = 1.0000005000000001e-05, solver reference = 0.020000000001 and solver impedance = 0.001000000009
	Calculated final value: 0.47534059157215525
Running model "Mujoco" with parameters [5.e-12 1.e-12 1.e-11]
	Simulating Two Spheres Colliding Model with dt = 1.0000005000000001e-05, solver reference = 0.020000000001 and solver impedance = 0.00100000001
	Calculated final value: 0.4753405915714731
Running model "Mujoco" with parameters [5.e-12 2.e-12 1.e-12]
	Simulating Two Spheres Colliding Model with dt = 1.0000005000000001e-05, solver reference = 0.020000000002 and solver impedance = 0.001000000001
	Calculated final value: 0.4753405915782788
Running model "Mujoco" with parameters [5.e-12 2.e-12 2.e-12]
	Simulating Two Spheres Colliding Model with dt = 1.0000005000000001e-05, solver reference = 0.020000000002 and solver impedance = 0.001000000002
	Calculated final value: 0.4753405915775954
Running model "Mujoco" with parameters [5.e-12 2.e-12 3.e-12]
	Simulating Two Spheres Colliding Model with dt = 1.0000005000000001e-05, solver reference = 0.020000000002 and solver impedance = 0.001000000003
	Calculated final value: 0.47534059157690167
Running model "Mujoco" with parameters [5.e-12 2.e-12 4.e-12]
	Simulating Two Spheres Colliding Model with dt = 1.0000005000000001e-05, solver reference = 0.020000000002 and solver impedance = 0.001000000004
	Calculated final value: 0.47534059157621544
Running model "Mujoco" with parameters [5.e-12 2.e-12 5.e-12]
	Simulating Two Spheres Colliding Model with dt = 1.0000005000000001e-05, solver reference = 0.020000000002 and solver impedance = 0.001000000005
	Calculated final value: 0.4753405915755322
Running model "Mujoco" with parameters [5.e-12 2.e-12 6.e-12]
	Simulating Two Spheres Colliding Model with dt = 1.0000005000000001e-05, solver reference = 0.020000000002 and solver impedance = 0.001000000006
	Calculated final value: 0.4753405915748427
Running model "Mujoco" with parameters [5.e-12 2.e-12 7.e-12]
	Simulating Two Spheres Colliding Model with dt = 1.0000005000000001e-05, solver reference = 0.020000000002 and solver impedance = 0.001000000007
	Calculated final value: 0.4753405915741523
Running model "Mujoco" with parameters [5.e-12 2.e-12 8.e-12]
	Simulating Two Spheres Colliding Model with dt = 1.0000005000000001e-05, solver reference = 0.020000000002 and solver impedance = 0.001000000008
	Calculated final value: 0.47534059157346753
Running model "Mujoco" with parameters [5.e-12 2.e-12 9.e-12]
	Simulating Two Spheres Colliding Model with dt = 1.0000005000000001e-05, solver reference = 0.020000000002 and solver impedance = 0.001000000009
	Calculated final value: 0.4753405915727765
Running model "Mujoco" with parameters [5.e-12 2.e-12 1.e-11]
	Simulating Two Spheres Colliding Model with dt = 1.0000005000000001e-05, solver reference = 0.020000000002 and solver impedance = 0.00100000001
	Calculated final value: 0.4753405915720842
Running model "Mujoco" with parameters [5.e-12 3.e-12 1.e-12]
	Simulating Two Spheres Colliding Model with dt = 1.0000005000000001e-05, solver reference = 0.020000000003 and solver impedance = 0.001000000001
	Calculated final value: 0.47534059157890207
Running model "Mujoco" with parameters [5.e-12 3.e-12 2.e-12]
	Simulating Two Spheres Colliding Model with dt = 1.0000005000000001e-05, solver reference = 0.020000000003 and solver impedance = 0.001000000002
	Calculated final value: 0.47534059157821984
Running model "Mujoco" with parameters [5.e-12 3.e-12 3.e-12]
	Simulating Two Spheres Colliding Model with dt = 1.0000005000000001e-05, solver reference = 0.020000000003 and solver impedance = 0.001000000003
	Calculated final value: 0.47534059157753555
Running model "Mujoco" with parameters [5.e-12 3.e-12 4.e-12]
	Simulating Two Spheres Colliding Model with dt = 1.0000005000000001e-05, solver reference = 0.020000000003 and solver impedance = 0.001000000004
	Calculated final value: 0.475340591576846
Running model "Mujoco" with parameters [5.e-12 3.e-12 5.e-12]
	Simulating Two Spheres Colliding Model with dt = 1.0000005000000001e-05, solver reference = 0.020000000003 and solver impedance = 0.001000000005
	Calculated final value: 0.4753405915761525
Running model "Mujoco" with parameters [5.e-12 3.e-12 6.e-12]
	Simulating Two Spheres Colliding Model with dt = 1.0000005000000001e-05, solver reference = 0.020000000003 and solver impedance = 0.001000000006
	Calculated final value: 0.47534059157547426
Running model "Mujoco" with parameters [5.e-12 3.e-12 7.e-12]
	Simulating Two Spheres Colliding Model with dt = 1.0000005000000001e-05, solver reference = 0.020000000003 and solver impedance = 0.001000000007
	Calculated final value: 0.4753405915747824
Running model "Mujoco" with parameters [5.e-12 3.e-12 8.e-12]
	Simulating Two Spheres Colliding Model with dt = 1.0000005000000001e-05, solver reference = 0.020000000003 and solver impedance = 0.001000000008
	Calculated final value: 0.4753405915740824
Running model "Mujoco" with parameters [5.e-12 3.e-12 9.e-12]
	Simulating Two Spheres Colliding Model with dt = 1.0000005000000001e-05, solver reference = 0.020000000003 and solver impedance = 0.001000000009
	Calculated final value: 0.47534059157339537
Running model "Mujoco" with parameters [5.e-12 3.e-12 1.e-11]
	Simulating Two Spheres Colliding Model with dt = 1.0000005000000001e-05, solver reference = 0.020000000003 and solver impedance = 0.00100000001
	Calculated final value: 0.4753405915727062
Running model "Mujoco" with parameters [5.e-12 4.e-12 1.e-12]
	Simulating Two Spheres Colliding Model with dt = 1.0000005000000001e-05, solver reference = 0.020000000004000002 and solver impedance = 0.001000000001
	Calculated final value: 0.4753405915795044
Running model "Mujoco" with parameters [5.e-12 4.e-12 2.e-12]
	Simulating Two Spheres Colliding Model with dt = 1.0000005000000001e-05, solver reference = 0.020000000004000002 and solver impedance = 0.001000000002
	Calculated final value: 0.47534059157882025
Running model "Mujoco" with parameters [5.e-12 4.e-12 3.e-12]
	Simulating Two Spheres Colliding Model with dt = 1.0000005000000001e-05, solver reference = 0.020000000004000002 and solver impedance = 0.001000000003
	Calculated final value: 0.47534059157813835
Running model "Mujoco" with parameters [5.e-12 4.e-12 4.e-12]
	Simulating Two Spheres Colliding Model with dt = 1.0000005000000001e-05, solver reference = 0.020000000004000002 and solver impedance = 0.001000000004
	Calculated final value: 0.47534059157746433
Running model "Mujoco" with parameters [5.e-12 4.e-12 5.e-12]
	Simulating Two Spheres Colliding Model with dt = 1.0000005000000001e-05, solver reference = 0.020000000004000002 and solver impedance = 0.001000000005
	Calculated final value: 0.47534059157678193
Running model "Mujoco" with parameters [5.e-12 4.e-12 6.e-12]
	Simulating Two Spheres Colliding Model with dt = 1.0000005000000001e-05, solver reference = 0.020000000004000002 and solver impedance = 0.001000000006
	Calculated final value: 0.4753405915760993
Running model "Mujoco" with parameters [5.e-12 4.e-12 7.e-12]
	Simulating Two Spheres Colliding Model with dt = 1.0000005000000001e-05, solver reference = 0.020000000004000002 and solver impedance = 0.001000000007
	Calculated final value: 0.47534059157541086
Running model "Mujoco" with parameters [5.e-12 4.e-12 8.e-12]
	Simulating Two Spheres Colliding Model with dt = 1.0000005000000001e-05, solver reference = 0.020000000004000002 and solver impedance = 0.001000000008
	Calculated final value: 0.4753405915747119
Running model "Mujoco" with parameters [5.e-12 4.e-12 9.e-12]
	Simulating Two Spheres Colliding Model with dt = 1.0000005000000001e-05, solver reference = 0.020000000004000002 and solver impedance = 0.001000000009
	Calculated final value: 0.4753405915740284
Running model "Mujoco" with parameters [5.e-12 4.e-12 1.e-11]
	Simulating Two Spheres Colliding Model with dt = 1.0000005000000001e-05, solver reference = 0.020000000004000002 and solver impedance = 0.00100000001
	Calculated final value: 0.47534059157333675
Running model "Mujoco" with parameters [5.e-12 5.e-12 1.e-12]
	Simulating Two Spheres Colliding Model with dt = 1.0000005000000001e-05, solver reference = 0.020000000005 and solver impedance = 0.001000000001
	Calculated final value: 0.475340591580126
Running model "Mujoco" with parameters [5.e-12 5.e-12 2.e-12]
	Simulating Two Spheres Colliding Model with dt = 1.0000005000000001e-05, solver reference = 0.020000000005 and solver impedance = 0.001000000002
	Calculated final value: 0.475340591579442
Running model "Mujoco" with parameters [5.e-12 5.e-12 3.e-12]
	Simulating Two Spheres Colliding Model with dt = 1.0000005000000001e-05, solver reference = 0.020000000005 and solver impedance = 0.001000000003
	Calculated final value: 0.47534059157875314
Running model "Mujoco" with parameters [5.e-12 5.e-12 4.e-12]
	Simulating Two Spheres Colliding Model with dt = 1.0000005000000001e-05, solver reference = 0.020000000005 and solver impedance = 0.001000000004
	Calculated final value: 0.47534059157806363
Running model "Mujoco" with parameters [5.e-12 5.e-12 5.e-12]
	Simulating Two Spheres Colliding Model with dt = 1.0000005000000001e-05, solver reference = 0.020000000005 and solver impedance = 0.001000000005
	Calculated final value: 0.47534059157737985
Running model "Mujoco" with parameters [5.e-12 5.e-12 6.e-12]
	Simulating Two Spheres Colliding Model with dt = 1.0000005000000001e-05, solver reference = 0.020000000005 and solver impedance = 0.001000000006
	Calculated final value: 0.4753405915766941
Running model "Mujoco" with parameters [5.e-12 5.e-12 7.e-12]
	Simulating Two Spheres Colliding Model with dt = 1.0000005000000001e-05, solver reference = 0.020000000005 and solver impedance = 0.001000000007
	Calculated final value: 0.47534059157601094
Running model "Mujoco" with parameters [5.e-12 5.e-12 8.e-12]
	Simulating Two Spheres Colliding Model with dt = 1.0000005000000001e-05, solver reference = 0.020000000005 and solver impedance = 0.001000000008
	Calculated final value: 0.47534059157533054
Running model "Mujoco" with parameters [5.e-12 5.e-12 9.e-12]
	Simulating Two Spheres Colliding Model with dt = 1.0000005000000001e-05, solver reference = 0.020000000005 and solver impedance = 0.001000000009
	Calculated final value: 0.47534059157464886
Running model "Mujoco" with parameters [5.e-12 5.e-12 1.e-11]
	Simulating Two Spheres Colliding Model with dt = 1.0000005000000001e-05, solver reference = 0.020000000005 and solver impedance = 0.00100000001
	Calculated final value: 0.47534059157395836
Running model "Mujoco" with parameters [5.e-12 6.e-12 1.e-12]
	Simulating Two Spheres Colliding Model with dt = 1.0000005000000001e-05, solver reference = 0.020000000006 and solver impedance = 0.001000000001
	Calculated final value: 0.475340591580746
Running model "Mujoco" with parameters [5.e-12 6.e-12 2.e-12]
	Simulating Two Spheres Colliding Model with dt = 1.0000005000000001e-05, solver reference = 0.020000000006 and solver impedance = 0.001000000002
	Calculated final value: 0.47534059158005826
Running model "Mujoco" with parameters [5.e-12 6.e-12 3.e-12]
	Simulating Two Spheres Colliding Model with dt = 1.0000005000000001e-05, solver reference = 0.020000000006 and solver impedance = 0.001000000003
	Calculated final value: 0.4753405915793738
Running model "Mujoco" with parameters [5.e-12 6.e-12 4.e-12]
	Simulating Two Spheres Colliding Model with dt = 1.0000005000000001e-05, solver reference = 0.020000000006 and solver impedance = 0.001000000004
	Calculated final value: 0.4753405915786899
Running model "Mujoco" with parameters [5.e-12 6.e-12 5.e-12]
	Simulating Two Spheres Colliding Model with dt = 1.0000005000000001e-05, solver reference = 0.020000000006 and solver impedance = 0.001000000005
	Calculated final value: 0.4753405915780053
Running model "Mujoco" with parameters [5.e-12 6.e-12 6.e-12]
	Simulating Two Spheres Colliding Model with dt = 1.0000005000000001e-05, solver reference = 0.020000000006 and solver impedance = 0.001000000006
	Calculated final value: 0.4753405915773159
Running model "Mujoco" with parameters [5.e-12 6.e-12 7.e-12]
	Simulating Two Spheres Colliding Model with dt = 1.0000005000000001e-05, solver reference = 0.020000000006 and solver impedance = 0.001000000007
	Calculated final value: 0.4753405915766318
Running model "Mujoco" with parameters [5.e-12 6.e-12 8.e-12]
	Simulating Two Spheres Colliding Model with dt = 1.0000005000000001e-05, solver reference = 0.020000000006 and solver impedance = 0.001000000008
	Calculated final value: 0.4753405915759374
Running model "Mujoco" with parameters [5.e-12 6.e-12 9.e-12]
	Simulating Two Spheres Colliding Model with dt = 1.0000005000000001e-05, solver reference = 0.020000000006 and solver impedance = 0.001000000009
	Calculated final value: 0.47534059157525455
Running model "Mujoco" with parameters [5.e-12 6.e-12 1.e-11]
	Simulating Two Spheres Colliding Model with dt = 1.0000005000000001e-05, solver reference = 0.020000000006 and solver impedance = 0.00100000001
	Calculated final value: 0.47534059157456526
Running model "Mujoco" with parameters [5.e-12 7.e-12 1.e-12]
	Simulating Two Spheres Colliding Model with dt = 1.0000005000000001e-05, solver reference = 0.020000000007 and solver impedance = 0.001000000001
	Calculated final value: 0.4753405915813656
Running model "Mujoco" with parameters [5.e-12 7.e-12 2.e-12]
	Simulating Two Spheres Colliding Model with dt = 1.0000005000000001e-05, solver reference = 0.020000000007 and solver impedance = 0.001000000002
	Calculated final value: 0.4753405915806793
Running model "Mujoco" with parameters [5.e-12 7.e-12 3.e-12]
	Simulating Two Spheres Colliding Model with dt = 1.0000005000000001e-05, solver reference = 0.020000000007 and solver impedance = 0.001000000003
	Calculated final value: 0.47534059157999425
Running model "Mujoco" with parameters [5.e-12 7.e-12 4.e-12]
	Simulating Two Spheres Colliding Model with dt = 1.0000005000000001e-05, solver reference = 0.020000000007 and solver impedance = 0.001000000004
	Calculated final value: 0.4753405915793033
Running model "Mujoco" with parameters [5.e-12 7.e-12 5.e-12]
	Simulating Two Spheres Colliding Model with dt = 1.0000005000000001e-05, solver reference = 0.020000000007 and solver impedance = 0.001000000005
	Calculated final value: 0.4753405915786164
Running model "Mujoco" with parameters [5.e-12 7.e-12 6.e-12]
	Simulating Two Spheres Colliding Model with dt = 1.0000005000000001e-05, solver reference = 0.020000000007 and solver impedance = 0.001000000006
	Calculated final value: 0.4753405915779316
Running model "Mujoco" with parameters [5.e-12 7.e-12 7.e-12]
	Simulating Two Spheres Colliding Model with dt = 1.0000005000000001e-05, solver reference = 0.020000000007 and solver impedance = 0.001000000007
	Calculated final value: 0.4753405915772428
Running model "Mujoco" with parameters [5.e-12 7.e-12 8.e-12]
	Simulating Two Spheres Colliding Model with dt = 1.0000005000000001e-05, solver reference = 0.020000000007 and solver impedance = 0.001000000008
	Calculated final value: 0.4753405915765598
Running model "Mujoco" with parameters [5.e-12 7.e-12 9.e-12]
	Simulating Two Spheres Colliding Model with dt = 1.0000005000000001e-05, solver reference = 0.020000000007 and solver impedance = 0.001000000009
	Calculated final value: 0.4753405915758747
Running model "Mujoco" with parameters [5.e-12 7.e-12 1.e-11]
	Simulating Two Spheres Colliding Model with dt = 1.0000005000000001e-05, solver reference = 0.020000000007 and solver impedance = 0.00100000001
	Calculated final value: 0.47534059157518227
Running model "Mujoco" with parameters [5.e-12 8.e-12 1.e-12]
	Simulating Two Spheres Colliding Model with dt = 1.0000005000000001e-05, solver reference = 0.020000000008 and solver impedance = 0.001000000001
	Calculated final value: 0.4753405915819761
Running model "Mujoco" with parameters [5.e-12 8.e-12 2.e-12]
	Simulating Two Spheres Colliding Model with dt = 1.0000005000000001e-05, solver reference = 0.020000000008 and solver impedance = 0.001000000002
	Calculated final value: 0.4753405915812833
Running model "Mujoco" with parameters [5.e-12 8.e-12 3.e-12]
	Simulating Two Spheres Colliding Model with dt = 1.0000005000000001e-05, solver reference = 0.020000000008 and solver impedance = 0.001000000003
	Calculated final value: 0.4753405915806076
Running model "Mujoco" with parameters [5.e-12 8.e-12 4.e-12]
	Simulating Two Spheres Colliding Model with dt = 1.0000005000000001e-05, solver reference = 0.020000000008 and solver impedance = 0.001000000004
	Calculated final value: 0.4753405915799226
Running model "Mujoco" with parameters [5.e-12 8.e-12 5.e-12]
	Simulating Two Spheres Colliding Model with dt = 1.0000005000000001e-05, solver reference = 0.020000000008 and solver impedance = 0.001000000005
	Calculated final value: 0.47534059157922426
Running model "Mujoco" with parameters [5.e-12 8.e-12 6.e-12]
	Simulating Two Spheres Colliding Model with dt = 1.0000005000000001e-05, solver reference = 0.020000000008 and solver impedance = 0.001000000006
	Calculated final value: 0.47534059157854347
Running model "Mujoco" with parameters [5.e-12 8.e-12 7.e-12]
	Simulating Two Spheres Colliding Model with dt = 1.0000005000000001e-05, solver reference = 0.020000000008 and solver impedance = 0.001000000007
	Calculated final value: 0.4753405915778577
Running model "Mujoco" with parameters [5.e-12 8.e-12 8.e-12]
	Simulating Two Spheres Colliding Model with dt = 1.0000005000000001e-05, solver reference = 0.020000000008 and solver impedance = 0.001000000008
	Calculated final value: 0.4753405915771751
Running model "Mujoco" with parameters [5.e-12 8.e-12 9.e-12]
	Simulating Two Spheres Colliding Model with dt = 1.0000005000000001e-05, solver reference = 0.020000000008 and solver impedance = 0.001000000009
	Calculated final value: 0.4753405915764951
Running model "Mujoco" with parameters [5.e-12 8.e-12 1.e-11]
	Simulating Two Spheres Colliding Model with dt = 1.0000005000000001e-05, solver reference = 0.020000000008 and solver impedance = 0.00100000001
	Calculated final value: 0.4753405915758022
Running model "Mujoco" with parameters [5.e-12 9.e-12 1.e-12]
	Simulating Two Spheres Colliding Model with dt = 1.0000005000000001e-05, solver reference = 0.020000000009 and solver impedance = 0.001000000001
	Calculated final value: 0.4753405915826049
Running model "Mujoco" with parameters [5.e-12 9.e-12 2.e-12]
	Simulating Two Spheres Colliding Model with dt = 1.0000005000000001e-05, solver reference = 0.020000000009 and solver impedance = 0.001000000002
	Calculated final value: 0.4753405915819153
Running model "Mujoco" with parameters [5.e-12 9.e-12 3.e-12]
	Simulating Two Spheres Colliding Model with dt = 1.0000005000000001e-05, solver reference = 0.020000000009 and solver impedance = 0.001000000003
	Calculated final value: 0.4753405915812264
Running model "Mujoco" with parameters [5.e-12 9.e-12 4.e-12]
	Simulating Two Spheres Colliding Model with dt = 1.0000005000000001e-05, solver reference = 0.020000000009 and solver impedance = 0.001000000004
	Calculated final value: 0.4753405915805329
Running model "Mujoco" with parameters [5.e-12 9.e-12 5.e-12]
	Simulating Two Spheres Colliding Model with dt = 1.0000005000000001e-05, solver reference = 0.020000000009 and solver impedance = 0.001000000005
	Calculated final value: 0.4753405915798479
Running model "Mujoco" with parameters [5.e-12 9.e-12 6.e-12]
	Simulating Two Spheres Colliding Model with dt = 1.0000005000000001e-05, solver reference = 0.020000000009 and solver impedance = 0.001000000006
	Calculated final value: 0.4753405915791665
Running model "Mujoco" with parameters [5.e-12 9.e-12 7.e-12]
	Simulating Two Spheres Colliding Model with dt = 1.0000005000000001e-05, solver reference = 0.020000000009 and solver impedance = 0.001000000007
	Calculated final value: 0.47534059157847897
Running model "Mujoco" with parameters [5.e-12 9.e-12 8.e-12]
	Simulating Two Spheres Colliding Model with dt = 1.0000005000000001e-05, solver reference = 0.020000000009 and solver impedance = 0.001000000008
	Calculated final value: 0.47534059157778796
Running model "Mujoco" with parameters [5.e-12 9.e-12 9.e-12]
	Simulating Two Spheres Colliding Model with dt = 1.0000005000000001e-05, solver reference = 0.020000000009 and solver impedance = 0.001000000009
	Calculated final value: 0.4753405915771034
Running model "Mujoco" with parameters [5.e-12 9.e-12 1.e-11]
	Simulating Two Spheres Colliding Model with dt = 1.0000005000000001e-05, solver reference = 0.020000000009 and solver impedance = 0.00100000001
	Calculated final value: 0.4753405915764194
Running model "Mujoco" with parameters [5.e-12 1.e-11 1.e-12]
	Simulating Two Spheres Colliding Model with dt = 1.0000005000000001e-05, solver reference = 0.02000000001 and solver impedance = 0.001000000001
	Calculated final value: 0.4753405915832171
Running model "Mujoco" with parameters [5.e-12 1.e-11 2.e-12]
	Simulating Two Spheres Colliding Model with dt = 1.0000005000000001e-05, solver reference = 0.02000000001 and solver impedance = 0.001000000002
	Calculated final value: 0.4753405915825259
Running model "Mujoco" with parameters [5.e-12 1.e-11 3.e-12]
	Simulating Two Spheres Colliding Model with dt = 1.0000005000000001e-05, solver reference = 0.02000000001 and solver impedance = 0.001000000003
	Calculated final value: 0.4753405915818377
Running model "Mujoco" with parameters [5.e-12 1.e-11 4.e-12]
	Simulating Two Spheres Colliding Model with dt = 1.0000005000000001e-05, solver reference = 0.02000000001 and solver impedance = 0.001000000004
	Calculated final value: 0.475340591581147
Running model "Mujoco" with parameters [5.e-12 1.e-11 5.e-12]
	Simulating Two Spheres Colliding Model with dt = 1.0000005000000001e-05, solver reference = 0.02000000001 and solver impedance = 0.001000000005
	Calculated final value: 0.4753405915804584
Running model "Mujoco" with parameters [5.e-12 1.e-11 6.e-12]
	Simulating Two Spheres Colliding Model with dt = 1.0000005000000001e-05, solver reference = 0.02000000001 and solver impedance = 0.001000000006
	Calculated final value: 0.47534059157977837
Running model "Mujoco" with parameters [5.e-12 1.e-11 7.e-12]
	Simulating Two Spheres Colliding Model with dt = 1.0000005000000001e-05, solver reference = 0.02000000001 and solver impedance = 0.001000000007
	Calculated final value: 0.47534059157908976
Running model "Mujoco" with parameters [5.e-12 1.e-11 8.e-12]
	Simulating Two Spheres Colliding Model with dt = 1.0000005000000001e-05, solver reference = 0.02000000001 and solver impedance = 0.001000000008
	Calculated final value: 0.47534059157840364
Running model "Mujoco" with parameters [5.e-12 1.e-11 9.e-12]
	Simulating Two Spheres Colliding Model with dt = 1.0000005000000001e-05, solver reference = 0.02000000001 and solver impedance = 0.001000000009
	Calculated final value: 0.47534059157770914
Running model "Mujoco" with parameters [5.e-12 1.e-11 1.e-11]
	Simulating Two Spheres Colliding Model with dt = 1.0000005000000001e-05, solver reference = 0.02000000001 and solver impedance = 0.00100000001
	Calculated final value: 0.47534059157702524
Running model "Mujoco" with parameters [6.e-12 1.e-12 1.e-12]
	Simulating Two Spheres Colliding Model with dt = 1.0000006e-05, solver reference = 0.020000000001 and solver impedance = 0.001000000001
	Calculated final value: 0.475340560559254
Running model "Mujoco" with parameters [6.e-12 1.e-12 2.e-12]
	Simulating Two Spheres Colliding Model with dt = 1.0000006e-05, solver reference = 0.020000000001 and solver impedance = 0.001000000002
	Calculated final value: 0.475340560558569
Running model "Mujoco" with parameters [6.e-12 1.e-12 3.e-12]
	Simulating Two Spheres Colliding Model with dt = 1.0000006e-05, solver reference = 0.020000000001 and solver impedance = 0.001000000003
	Calculated final value: 0.4753405605578783
Running model "Mujoco" with parameters [6.e-12 1.e-12 4.e-12]
	Simulating Two Spheres Colliding Model with dt = 1.0000006e-05, solver reference = 0.020000000001 and solver impedance = 0.001000000004
	Calculated final value: 0.4753405605571942
Running model "Mujoco" with parameters [6.e-12 1.e-12 5.e-12]
	Simulating Two Spheres Colliding Model with dt = 1.0000006e-05, solver reference = 0.020000000001 and solver impedance = 0.001000000005
	Calculated final value: 0.47534056055650686
Running model "Mujoco" with parameters [6.e-12 1.e-12 6.e-12]
	Simulating Two Spheres Colliding Model with dt = 1.0000006e-05, solver reference = 0.020000000001 and solver impedance = 0.001000000006
	Calculated final value: 0.4753405605558172
Running model "Mujoco" with parameters [6.e-12 1.e-12 7.e-12]
	Simulating Two Spheres Colliding Model with dt = 1.0000006e-05, solver reference = 0.020000000001 and solver impedance = 0.001000000007
	Calculated final value: 0.4753405605551242
Running model "Mujoco" with parameters [6.e-12 1.e-12 8.e-12]
	Simulating Two Spheres Colliding Model with dt = 1.0000006e-05, solver reference = 0.020000000001 and solver impedance = 0.001000000008
	Calculated final value: 0.4753405605544362
Running model "Mujoco" with parameters [6.e-12 1.e-12 9.e-12]
	Simulating Two Spheres Colliding Model with dt = 1.0000006e-05, solver reference = 0.020000000001 and solver impedance = 0.001000000009
	Calculated final value: 0.4753405605537423
Running model "Mujoco" with parameters [6.e-12 1.e-12 1.e-11]
	Simulating Two Spheres Colliding Model with dt = 1.0000006e-05, solver reference = 0.020000000001 and solver impedance = 0.00100000001
	Calculated final value: 0.4753405605530556
Running model "Mujoco" with parameters [6.e-12 2.e-12 1.e-12]
	Simulating Two Spheres Colliding Model with dt = 1.0000006e-05, solver reference = 0.020000000002 and solver impedance = 0.001000000001
	Calculated final value: 0.47534056055988005
Running model "Mujoco" with parameters [6.e-12 2.e-12 2.e-12]
	Simulating Two Spheres Colliding Model with dt = 1.0000006e-05, solver reference = 0.020000000002 and solver impedance = 0.001000000002
	Calculated final value: 0.4753405605591893
Running model "Mujoco" with parameters [6.e-12 2.e-12 3.e-12]
	Simulating Two Spheres Colliding Model with dt = 1.0000006e-05, solver reference = 0.020000000002 and solver impedance = 0.001000000003
	Calculated final value: 0.4753405605585073
Running model "Mujoco" with parameters [6.e-12 2.e-12 4.e-12]
	Simulating Two Spheres Colliding Model with dt = 1.0000006e-05, solver reference = 0.020000000002 and solver impedance = 0.001000000004
	Calculated final value: 0.47534056055781493
Running model "Mujoco" with parameters [6.e-12 2.e-12 5.e-12]
	Simulating Two Spheres Colliding Model with dt = 1.0000006e-05, solver reference = 0.020000000002 and solver impedance = 0.001000000005
	Calculated final value: 0.47534056055712814
Running model "Mujoco" with parameters [6.e-12 2.e-12 6.e-12]
	Simulating Two Spheres Colliding Model with dt = 1.0000006e-05, solver reference = 0.020000000002 and solver impedance = 0.001000000006
	Calculated final value: 0.47534056055644036
Running model "Mujoco" with parameters [6.e-12 2.e-12 7.e-12]
	Simulating Two Spheres Colliding Model with dt = 1.0000006e-05, solver reference = 0.020000000002 and solver impedance = 0.001000000007
	Calculated final value: 0.47534056055575447
Running model "Mujoco" with parameters [6.e-12 2.e-12 8.e-12]
	Simulating Two Spheres Colliding Model with dt = 1.0000006e-05, solver reference = 0.020000000002 and solver impedance = 0.001000000008
	Calculated final value: 0.47534056055505935
Running model "Mujoco" with parameters [6.e-12 2.e-12 9.e-12]
	Simulating Two Spheres Colliding Model with dt = 1.0000006e-05, solver reference = 0.020000000002 and solver impedance = 0.001000000009
	Calculated final value: 0.4753405605543713
Running model "Mujoco" with parameters [6.e-12 2.e-12 1.e-11]
	Simulating Two Spheres Colliding Model with dt = 1.0000006e-05, solver reference = 0.020000000002 and solver impedance = 0.00100000001
	Calculated final value: 0.4753405605536785
Running model "Mujoco" with parameters [6.e-12 3.e-12 1.e-12]
	Simulating Two Spheres Colliding Model with dt = 1.0000006e-05, solver reference = 0.020000000003 and solver impedance = 0.001000000001
	Calculated final value: 0.4753405605604887
Running model "Mujoco" with parameters [6.e-12 3.e-12 2.e-12]
	Simulating Two Spheres Colliding Model with dt = 1.0000006e-05, solver reference = 0.020000000003 and solver impedance = 0.001000000002
	Calculated final value: 0.4753405605598016
Running model "Mujoco" with parameters [6.e-12 3.e-12 3.e-12]
	Simulating Two Spheres Colliding Model with dt = 1.0000006e-05, solver reference = 0.020000000003 and solver impedance = 0.001000000003
	Calculated final value: 0.4753405605591182
Running model "Mujoco" with parameters [6.e-12 3.e-12 4.e-12]
	Simulating Two Spheres Colliding Model with dt = 1.0000006e-05, solver reference = 0.020000000003 and solver impedance = 0.001000000004
	Calculated final value: 0.47534056055843377
Running model "Mujoco" with parameters [6.e-12 3.e-12 5.e-12]
	Simulating Two Spheres Colliding Model with dt = 1.0000006e-05, solver reference = 0.020000000003 and solver impedance = 0.001000000005
	Calculated final value: 0.4753405605577438
Running model "Mujoco" with parameters [6.e-12 3.e-12 6.e-12]
	Simulating Two Spheres Colliding Model with dt = 1.0000006e-05, solver reference = 0.020000000003 and solver impedance = 0.001000000006
	Calculated final value: 0.4753405605570581
Running model "Mujoco" with parameters [6.e-12 3.e-12 7.e-12]
	Simulating Two Spheres Colliding Model with dt = 1.0000006e-05, solver reference = 0.020000000003 and solver impedance = 0.001000000007
	Calculated final value: 0.475340560556369
Running model "Mujoco" with parameters [6.e-12 3.e-12 8.e-12]
	Simulating Two Spheres Colliding Model with dt = 1.0000006e-05, solver reference = 0.020000000003 and solver impedance = 0.001000000008
	Calculated final value: 0.4753405605556872
Running model "Mujoco" with parameters [6.e-12 3.e-12 9.e-12]
	Simulating Two Spheres Colliding Model with dt = 1.0000006e-05, solver reference = 0.020000000003 and solver impedance = 0.001000000009
	Calculated final value: 0.4753405605549971
Running model "Mujoco" with parameters [6.e-12 3.e-12 1.e-11]
	Simulating Two Spheres Colliding Model with dt = 1.0000006e-05, solver reference = 0.020000000003 and solver impedance = 0.00100000001
	Calculated final value: 0.4753405605543153
Running model "Mujoco" with parameters [6.e-12 4.e-12 1.e-12]
	Simulating Two Spheres Colliding Model with dt = 1.0000006e-05, solver reference = 0.020000000004000002 and solver impedance = 0.001000000001
	Calculated final value: 0.4753405605611039
Running model "Mujoco" with parameters [6.e-12 4.e-12 2.e-12]
	Simulating Two Spheres Colliding Model with dt = 1.0000006e-05, solver reference = 0.020000000004000002 and solver impedance = 0.001000000002
	Calculated final value: 0.4753405605604213
Running model "Mujoco" with parameters [6.e-12 4.e-12 3.e-12]
	Simulating Two Spheres Colliding Model with dt = 1.0000006e-05, solver reference = 0.020000000004000002 and solver impedance = 0.001000000003
	Calculated final value: 0.47534056055972573
Running model "Mujoco" with parameters [6.e-12 4.e-12 4.e-12]
	Simulating Two Spheres Colliding Model with dt = 1.0000006e-05, solver reference = 0.020000000004000002 and solver impedance = 0.001000000004
	Calculated final value: 0.4753405605590463
Running model "Mujoco" with parameters [6.e-12 4.e-12 5.e-12]
	Simulating Two Spheres Colliding Model with dt = 1.0000006e-05, solver reference = 0.020000000004000002 and solver impedance = 0.001000000005
	Calculated final value: 0.47534056055836926
Running model "Mujoco" with parameters [6.e-12 4.e-12 6.e-12]
	Simulating Two Spheres Colliding Model with dt = 1.0000006e-05, solver reference = 0.020000000004000002 and solver impedance = 0.001000000006
	Calculated final value: 0.4753405605576846
Running model "Mujoco" with parameters [6.e-12 4.e-12 7.e-12]
	Simulating Two Spheres Colliding Model with dt = 1.0000006e-05, solver reference = 0.020000000004000002 and solver impedance = 0.001000000007
	Calculated final value: 0.47534056055699603
Running model "Mujoco" with parameters [6.e-12 4.e-12 8.e-12]
	Simulating Two Spheres Colliding Model with dt = 1.0000006e-05, solver reference = 0.020000000004000002 and solver impedance = 0.001000000008
	Calculated final value: 0.4753405605563096
Running model "Mujoco" with parameters [6.e-12 4.e-12 9.e-12]
	Simulating Two Spheres Colliding Model with dt = 1.0000006e-05, solver reference = 0.020000000004000002 and solver impedance = 0.001000000009
	Calculated final value: 0.47534056055561524
Running model "Mujoco" with parameters [6.e-12 4.e-12 1.e-11]
	Simulating Two Spheres Colliding Model with dt = 1.0000006e-05, solver reference = 0.020000000004000002 and solver impedance = 0.00100000001
	Calculated final value: 0.4753405605549264
Running model "Mujoco" with parameters [6.e-12 5.e-12 1.e-12]
	Simulating Two Spheres Colliding Model with dt = 1.0000006e-05, solver reference = 0.020000000005 and solver impedance = 0.001000000001
	Calculated final value: 0.47534056056172924
Running model "Mujoco" with parameters [6.e-12 5.e-12 2.e-12]
	Simulating Two Spheres Colliding Model with dt = 1.0000006e-05, solver reference = 0.020000000005 and solver impedance = 0.001000000002
	Calculated final value: 0.47534056056103935
Running model "Mujoco" with parameters [6.e-12 5.e-12 3.e-12]
	Simulating Two Spheres Colliding Model with dt = 1.0000006e-05, solver reference = 0.020000000005 and solver impedance = 0.001000000003
	Calculated final value: 0.4753405605603479
Running model "Mujoco" with parameters [6.e-12 5.e-12 4.e-12]
	Simulating Two Spheres Colliding Model with dt = 1.0000006e-05, solver reference = 0.020000000005 and solver impedance = 0.001000000004
	Calculated final value: 0.47534056055967067
Running model "Mujoco" with parameters [6.e-12 5.e-12 5.e-12]
	Simulating Two Spheres Colliding Model with dt = 1.0000006e-05, solver reference = 0.020000000005 and solver impedance = 0.001000000005
	Calculated final value: 0.4753405605589839
Running model "Mujoco" with parameters [6.e-12 5.e-12 6.e-12]
	Simulating Two Spheres Colliding Model with dt = 1.0000006e-05, solver reference = 0.020000000005 and solver impedance = 0.001000000006
	Calculated final value: 0.4753405605582939
Running model "Mujoco" with parameters [6.e-12 5.e-12 7.e-12]
	Simulating Two Spheres Colliding Model with dt = 1.0000006e-05, solver reference = 0.020000000005 and solver impedance = 0.001000000007
	Calculated final value: 0.47534056055760676
Running model "Mujoco" with parameters [6.e-12 5.e-12 8.e-12]
	Simulating Two Spheres Colliding Model with dt = 1.0000006e-05, solver reference = 0.020000000005 and solver impedance = 0.001000000008
	Calculated final value: 0.4753405605569252
Running model "Mujoco" with parameters [6.e-12 5.e-12 9.e-12]
	Simulating Two Spheres Colliding Model with dt = 1.0000006e-05, solver reference = 0.020000000005 and solver impedance = 0.001000000009
	Calculated final value: 0.47534056055623175
Running model "Mujoco" with parameters [6.e-12 5.e-12 1.e-11]
	Simulating Two Spheres Colliding Model with dt = 1.0000006e-05, solver reference = 0.020000000005 and solver impedance = 0.00100000001
	Calculated final value: 0.4753405605555387
Running model "Mujoco" with parameters [6.e-12 6.e-12 1.e-12]
	Simulating Two Spheres Colliding Model with dt = 1.0000006e-05, solver reference = 0.020000000006 and solver impedance = 0.001000000001
	Calculated final value: 0.4753405605623593
Running model "Mujoco" with parameters [6.e-12 6.e-12 2.e-12]
	Simulating Two Spheres Colliding Model with dt = 1.0000006e-05, solver reference = 0.020000000006 and solver impedance = 0.001000000002
	Calculated final value: 0.47534056056166396
Running model "Mujoco" with parameters [6.e-12 6.e-12 3.e-12]
	Simulating Two Spheres Colliding Model with dt = 1.0000006e-05, solver reference = 0.020000000006 and solver impedance = 0.001000000003
	Calculated final value: 0.47534056056097473
Running model "Mujoco" with parameters [6.e-12 6.e-12 4.e-12]
	Simulating Two Spheres Colliding Model with dt = 1.0000006e-05, solver reference = 0.020000000006 and solver impedance = 0.001000000004
	Calculated final value: 0.4753405605602855
Running model "Mujoco" with parameters [6.e-12 6.e-12 5.e-12]
	Simulating Two Spheres Colliding Model with dt = 1.0000006e-05, solver reference = 0.020000000006 and solver impedance = 0.001000000005
	Calculated final value: 0.4753405605595995
Running model "Mujoco" with parameters [6.e-12 6.e-12 6.e-12]
	Simulating Two Spheres Colliding Model with dt = 1.0000006e-05, solver reference = 0.020000000006 and solver impedance = 0.001000000006
	Calculated final value: 0.4753405605589146
Running model "Mujoco" with parameters [6.e-12 6.e-12 7.e-12]
	Simulating Two Spheres Colliding Model with dt = 1.0000006e-05, solver reference = 0.020000000006 and solver impedance = 0.001000000007
	Calculated final value: 0.47534056055823093
Running model "Mujoco" with parameters [6.e-12 6.e-12 8.e-12]
	Simulating Two Spheres Colliding Model with dt = 1.0000006e-05, solver reference = 0.020000000006 and solver impedance = 0.001000000008
	Calculated final value: 0.47534056055754415
Running model "Mujoco" with parameters [6.e-12 6.e-12 9.e-12]
	Simulating Two Spheres Colliding Model with dt = 1.0000006e-05, solver reference = 0.020000000006 and solver impedance = 0.001000000009
	Calculated final value: 0.4753405605568586
Running model "Mujoco" with parameters [6.e-12 6.e-12 1.e-11]
	Simulating Two Spheres Colliding Model with dt = 1.0000006e-05, solver reference = 0.020000000006 and solver impedance = 0.00100000001
	Calculated final value: 0.4753405605561706
Running model "Mujoco" with parameters [6.e-12 7.e-12 1.e-12]
	Simulating Two Spheres Colliding Model with dt = 1.0000006e-05, solver reference = 0.020000000007 and solver impedance = 0.001000000001
	Calculated final value: 0.4753405605629749
Running model "Mujoco" with parameters [6.e-12 7.e-12 2.e-12]
	Simulating Two Spheres Colliding Model with dt = 1.0000006e-05, solver reference = 0.020000000007 and solver impedance = 0.001000000002
	Calculated final value: 0.475340560562288
Running model "Mujoco" with parameters [6.e-12 7.e-12 3.e-12]
	Simulating Two Spheres Colliding Model with dt = 1.0000006e-05, solver reference = 0.020000000007 and solver impedance = 0.001000000003
	Calculated final value: 0.47534056056159574
Running model "Mujoco" with parameters [6.e-12 7.e-12 4.e-12]
	Simulating Two Spheres Colliding Model with dt = 1.0000006e-05, solver reference = 0.020000000007 and solver impedance = 0.001000000004
	Calculated final value: 0.4753405605608989
Running model "Mujoco" with parameters [6.e-12 7.e-12 5.e-12]
	Simulating Two Spheres Colliding Model with dt = 1.0000006e-05, solver reference = 0.020000000007 and solver impedance = 0.001000000005
	Calculated final value: 0.47534056056021623
Running model "Mujoco" with parameters [6.e-12 7.e-12 6.e-12]
	Simulating Two Spheres Colliding Model with dt = 1.0000006e-05, solver reference = 0.020000000007 and solver impedance = 0.001000000006
	Calculated final value: 0.47534056055952856
Running model "Mujoco" with parameters [6.e-12 7.e-12 7.e-12]
	Simulating Two Spheres Colliding Model with dt = 1.0000006e-05, solver reference = 0.020000000007 and solver impedance = 0.001000000007
	Calculated final value: 0.4753405605588441
Running model "Mujoco" with parameters [6.e-12 7.e-12 8.e-12]
	Simulating Two Spheres Colliding Model with dt = 1.0000006e-05, solver reference = 0.020000000007 and solver impedance = 0.001000000008
	Calculated final value: 0.4753405605581631
Running model "Mujoco" with parameters [6.e-12 7.e-12 9.e-12]
	Simulating Two Spheres Colliding Model with dt = 1.0000006e-05, solver reference = 0.020000000007 and solver impedance = 0.001000000009
	Calculated final value: 0.4753405605574793
Running model "Mujoco" with parameters [6.e-12 7.e-12 1.e-11]
	Simulating Two Spheres Colliding Model with dt = 1.0000006e-05, solver reference = 0.020000000007 and solver impedance = 0.00100000001
	Calculated final value: 0.4753405605567964
Running model "Mujoco" with parameters [6.e-12 8.e-12 1.e-12]
	Simulating Two Spheres Colliding Model with dt = 1.0000006e-05, solver reference = 0.020000000008 and solver impedance = 0.001000000001
	Calculated final value: 0.47534056056359136
Running model "Mujoco" with parameters [6.e-12 8.e-12 2.e-12]
	Simulating Two Spheres Colliding Model with dt = 1.0000006e-05, solver reference = 0.020000000008 and solver impedance = 0.001000000002
	Calculated final value: 0.4753405605629149
Running model "Mujoco" with parameters [6.e-12 8.e-12 3.e-12]
	Simulating Two Spheres Colliding Model with dt = 1.0000006e-05, solver reference = 0.020000000008 and solver impedance = 0.001000000003
	Calculated final value: 0.4753405605622268
Running model "Mujoco" with parameters [6.e-12 8.e-12 4.e-12]
	Simulating Two Spheres Colliding Model with dt = 1.0000006e-05, solver reference = 0.020000000008 and solver impedance = 0.001000000004
	Calculated final value: 0.47534056056153395
Running model "Mujoco" with parameters [6.e-12 8.e-12 5.e-12]
	Simulating Two Spheres Colliding Model with dt = 1.0000006e-05, solver reference = 0.020000000008 and solver impedance = 0.001000000005
	Calculated final value: 0.475340560560841
Running model "Mujoco" with parameters [6.e-12 8.e-12 6.e-12]
	Simulating Two Spheres Colliding Model with dt = 1.0000006e-05, solver reference = 0.020000000008 and solver impedance = 0.001000000006
	Calculated final value: 0.4753405605601454
Running model "Mujoco" with parameters [6.e-12 8.e-12 7.e-12]
	Simulating Two Spheres Colliding Model with dt = 1.0000006e-05, solver reference = 0.020000000008 and solver impedance = 0.001000000007
	Calculated final value: 0.47534056055945656
Running model "Mujoco" with parameters [6.e-12 8.e-12 8.e-12]
	Simulating Two Spheres Colliding Model with dt = 1.0000006e-05, solver reference = 0.020000000008 and solver impedance = 0.001000000008
	Calculated final value: 0.47534056055877716
Running model "Mujoco" with parameters [6.e-12 8.e-12 9.e-12]
	Simulating Two Spheres Colliding Model with dt = 1.0000006e-05, solver reference = 0.020000000008 and solver impedance = 0.001000000009
	Calculated final value: 0.47534056055808793
Running model "Mujoco" with parameters [6.e-12 8.e-12 1.e-11]
	Simulating Two Spheres Colliding Model with dt = 1.0000006e-05, solver reference = 0.020000000008 and solver impedance = 0.00100000001
	Calculated final value: 0.4753405605574076
Running model "Mujoco" with parameters [6.e-12 9.e-12 1.e-12]
	Simulating Two Spheres Colliding Model with dt = 1.0000006e-05, solver reference = 0.020000000009 and solver impedance = 0.001000000001
	Calculated final value: 0.47534056056420393
Running model "Mujoco" with parameters [6.e-12 9.e-12 2.e-12]
	Simulating Two Spheres Colliding Model with dt = 1.0000006e-05, solver reference = 0.020000000009 and solver impedance = 0.001000000002
	Calculated final value: 0.4753405605635145
Running model "Mujoco" with parameters [6.e-12 9.e-12 3.e-12]
	Simulating Two Spheres Colliding Model with dt = 1.0000006e-05, solver reference = 0.020000000009 and solver impedance = 0.001000000003
	Calculated final value: 0.4753405605628289
Running model "Mujoco" with parameters [6.e-12 9.e-12 4.e-12]
	Simulating Two Spheres Colliding Model with dt = 1.0000006e-05, solver reference = 0.020000000009 and solver impedance = 0.001000000004
	Calculated final value: 0.4753405605621388
Running model "Mujoco" with parameters [6.e-12 9.e-12 5.e-12]
	Simulating Two Spheres Colliding Model with dt = 1.0000006e-05, solver reference = 0.020000000009 and solver impedance = 0.001000000005
	Calculated final value: 0.4753405605614611
Running model "Mujoco" with parameters [6.e-12 9.e-12 6.e-12]
	Simulating Two Spheres Colliding Model with dt = 1.0000006e-05, solver reference = 0.020000000009 and solver impedance = 0.001000000006
	Calculated final value: 0.4753405605607631
Running model "Mujoco" with parameters [6.e-12 9.e-12 7.e-12]
	Simulating Two Spheres Colliding Model with dt = 1.0000006e-05, solver reference = 0.020000000009 and solver impedance = 0.001000000007
	Calculated final value: 0.47534056056008045
Running model "Mujoco" with parameters [6.e-12 9.e-12 8.e-12]
	Simulating Two Spheres Colliding Model with dt = 1.0000006e-05, solver reference = 0.020000000009 and solver impedance = 0.001000000008
	Calculated final value: 0.4753405605593952
Running model "Mujoco" with parameters [6.e-12 9.e-12 9.e-12]
	Simulating Two Spheres Colliding Model with dt = 1.0000006e-05, solver reference = 0.020000000009 and solver impedance = 0.001000000009
	Calculated final value: 0.47534056055870666
Running model "Mujoco" with parameters [6.e-12 9.e-12 1.e-11]
	Simulating Two Spheres Colliding Model with dt = 1.0000006e-05, solver reference = 0.020000000009 and solver impedance = 0.00100000001
	Calculated final value: 0.47534056055802254
Running model "Mujoco" with parameters [6.e-12 1.e-11 1.e-12]
	Simulating Two Spheres Colliding Model with dt = 1.0000006e-05, solver reference = 0.02000000001 and solver impedance = 0.001000000001
	Calculated final value: 0.47534056056483137
Running model "Mujoco" with parameters [6.e-12 1.e-11 2.e-12]
	Simulating Two Spheres Colliding Model with dt = 1.0000006e-05, solver reference = 0.02000000001 and solver impedance = 0.001000000002
	Calculated final value: 0.47534056056414375
Running model "Mujoco" with parameters [6.e-12 1.e-11 3.e-12]
	Simulating Two Spheres Colliding Model with dt = 1.0000006e-05, solver reference = 0.02000000001 and solver impedance = 0.001000000003
	Calculated final value: 0.47534056056345875
Running model "Mujoco" with parameters [6.e-12 1.e-11 4.e-12]
	Simulating Two Spheres Colliding Model with dt = 1.0000006e-05, solver reference = 0.02000000001 and solver impedance = 0.001000000004
	Calculated final value: 0.4753405605627736
Running model "Mujoco" with parameters [6.e-12 1.e-11 5.e-12]
	Simulating Two Spheres Colliding Model with dt = 1.0000006e-05, solver reference = 0.02000000001 and solver impedance = 0.001000000005
	Calculated final value: 0.47534056056208185
Running model "Mujoco" with parameters [6.e-12 1.e-11 6.e-12]
	Simulating Two Spheres Colliding Model with dt = 1.0000006e-05, solver reference = 0.02000000001 and solver impedance = 0.001000000006
	Calculated final value: 0.4753405605613867
Running model "Mujoco" with parameters [6.e-12 1.e-11 7.e-12]
	Simulating Two Spheres Colliding Model with dt = 1.0000006e-05, solver reference = 0.02000000001 and solver impedance = 0.001000000007
	Calculated final value: 0.47534056056069596
Running model "Mujoco" with parameters [6.e-12 1.e-11 8.e-12]
	Simulating Two Spheres Colliding Model with dt = 1.0000006e-05, solver reference = 0.02000000001 and solver impedance = 0.001000000008
	Calculated final value: 0.47534056056001217
Running model "Mujoco" with parameters [6.e-12 1.e-11 9.e-12]
	Simulating Two Spheres Colliding Model with dt = 1.0000006e-05, solver reference = 0.02000000001 and solver impedance = 0.001000000009
	Calculated final value: 0.47534056055931473
Running model "Mujoco" with parameters [6.e-12 1.e-11 1.e-11]
	Simulating Two Spheres Colliding Model with dt = 1.0000006e-05, solver reference = 0.02000000001 and solver impedance = 0.00100000001
	Calculated final value: 0.4753405605586417
Running model "Mujoco" with parameters [7.e-12 1.e-12 1.e-12]
	Simulating Two Spheres Colliding Model with dt = 1.0000007000000002e-05, solver reference = 0.020000000001 and solver impedance = 0.001000000001
	Calculated final value: 0.47534052954091793
Running model "Mujoco" with parameters [7.e-12 1.e-12 2.e-12]
	Simulating Two Spheres Colliding Model with dt = 1.0000007000000002e-05, solver reference = 0.020000000001 and solver impedance = 0.001000000002
	Calculated final value: 0.4753405295402316
Running model "Mujoco" with parameters [7.e-12 1.e-12 3.e-12]
	Simulating Two Spheres Colliding Model with dt = 1.0000007000000002e-05, solver reference = 0.020000000001 and solver impedance = 0.001000000003
	Calculated final value: 0.47534052953954253
Running model "Mujoco" with parameters [7.e-12 1.e-12 4.e-12]
	Simulating Two Spheres Colliding Model with dt = 1.0000007000000002e-05, solver reference = 0.020000000001 and solver impedance = 0.001000000004
	Calculated final value: 0.4753405295388632
Running model "Mujoco" with parameters [7.e-12 1.e-12 5.e-12]
	Simulating Two Spheres Colliding Model with dt = 1.0000007000000002e-05, solver reference = 0.020000000001 and solver impedance = 0.001000000005
	Calculated final value: 0.4753405295381733
Running model "Mujoco" with parameters [7.e-12 1.e-12 6.e-12]
	Simulating Two Spheres Colliding Model with dt = 1.0000007000000002e-05, solver reference = 0.020000000001 and solver impedance = 0.001000000006
	Calculated final value: 0.4753405295374768
Running model "Mujoco" with parameters [7.e-12 1.e-12 7.e-12]
	Simulating Two Spheres Colliding Model with dt = 1.0000007000000002e-05, solver reference = 0.020000000001 and solver impedance = 0.001000000007
	Calculated final value: 0.47534052953678835
Running model "Mujoco" with parameters [7.e-12 1.e-12 8.e-12]
	Simulating Two Spheres Colliding Model with dt = 1.0000007000000002e-05, solver reference = 0.020000000001 and solver impedance = 0.001000000008
	Calculated final value: 0.4753405295360913
Running model "Mujoco" with parameters [7.e-12 1.e-12 9.e-12]
	Simulating Two Spheres Colliding Model with dt = 1.0000007000000002e-05, solver reference = 0.020000000001 and solver impedance = 0.001000000009
	Calculated final value: 0.4753405295354045
Running model "Mujoco" with parameters [7.e-12 1.e-12 1.e-11]
	Simulating Two Spheres Colliding Model with dt = 1.0000007000000002e-05, solver reference = 0.020000000001 and solver impedance = 0.00100000001
	Calculated final value: 0.4753405295347254
Running model "Mujoco" with parameters [7.e-12 2.e-12 1.e-12]
	Simulating Two Spheres Colliding Model with dt = 1.0000007000000002e-05, solver reference = 0.020000000002 and solver impedance = 0.001000000001
	Calculated final value: 0.47534052954152745
Running model "Mujoco" with parameters [7.e-12 2.e-12 2.e-12]
	Simulating Two Spheres Colliding Model with dt = 1.0000007000000002e-05, solver reference = 0.020000000002 and solver impedance = 0.001000000002
	Calculated final value: 0.47534052954085204
Running model "Mujoco" with parameters [7.e-12 2.e-12 3.e-12]
	Simulating Two Spheres Colliding Model with dt = 1.0000007000000002e-05, solver reference = 0.020000000002 and solver impedance = 0.001000000003
	Calculated final value: 0.4753405295401619
Running model "Mujoco" with parameters [7.e-12 2.e-12 4.e-12]
	Simulating Two Spheres Colliding Model with dt = 1.0000007000000002e-05, solver reference = 0.020000000002 and solver impedance = 0.001000000004
	Calculated final value: 0.475340529539474
Running model "Mujoco" with parameters [7.e-12 2.e-12 5.e-12]
	Simulating Two Spheres Colliding Model with dt = 1.0000007000000002e-05, solver reference = 0.020000000002 and solver impedance = 0.001000000005
	Calculated final value: 0.47534052953878636
Running model "Mujoco" with parameters [7.e-12 2.e-12 6.e-12]
	Simulating Two Spheres Colliding Model with dt = 1.0000007000000002e-05, solver reference = 0.020000000002 and solver impedance = 0.001000000006
	Calculated final value: 0.47534052953811
Running model "Mujoco" with parameters [7.e-12 2.e-12 7.e-12]
	Simulating Two Spheres Colliding Model with dt = 1.0000007000000002e-05, solver reference = 0.020000000002 and solver impedance = 0.001000000007
	Calculated final value: 0.47534052953741
Running model "Mujoco" with parameters [7.e-12 2.e-12 8.e-12]
	Simulating Two Spheres Colliding Model with dt = 1.0000007000000002e-05, solver reference = 0.020000000002 and solver impedance = 0.001000000008
	Calculated final value: 0.47534052953671874
Running model "Mujoco" with parameters [7.e-12 2.e-12 9.e-12]
	Simulating Two Spheres Colliding Model with dt = 1.0000007000000002e-05, solver reference = 0.020000000002 and solver impedance = 0.001000000009
	Calculated final value: 0.475340529536028
Running model "Mujoco" with parameters [7.e-12 2.e-12 1.e-11]
	Simulating Two Spheres Colliding Model with dt = 1.0000007000000002e-05, solver reference = 0.020000000002 and solver impedance = 0.00100000001
	Calculated final value: 0.47534052953533984
Running model "Mujoco" with parameters [7.e-12 3.e-12 1.e-12]
	Simulating Two Spheres Colliding Model with dt = 1.0000007000000002e-05, solver reference = 0.020000000003 and solver impedance = 0.001000000001
	Calculated final value: 0.4753405295421529
Running model "Mujoco" with parameters [7.e-12 3.e-12 2.e-12]
	Simulating Two Spheres Colliding Model with dt = 1.0000007000000002e-05, solver reference = 0.020000000003 and solver impedance = 0.001000000002
	Calculated final value: 0.4753405295414612
Running model "Mujoco" with parameters [7.e-12 3.e-12 3.e-12]
	Simulating Two Spheres Colliding Model with dt = 1.0000007000000002e-05, solver reference = 0.020000000003 and solver impedance = 0.001000000003
	Calculated final value: 0.47534052954077866
Running model "Mujoco" with parameters [7.e-12 3.e-12 4.e-12]
	Simulating Two Spheres Colliding Model with dt = 1.0000007000000002e-05, solver reference = 0.020000000003 and solver impedance = 0.001000000004
	Calculated final value: 0.47534052954009165
Running model "Mujoco" with parameters [7.e-12 3.e-12 5.e-12]
	Simulating Two Spheres Colliding Model with dt = 1.0000007000000002e-05, solver reference = 0.020000000003 and solver impedance = 0.001000000005
	Calculated final value: 0.47534052953939787
Running model "Mujoco" with parameters [7.e-12 3.e-12 6.e-12]
	Simulating Two Spheres Colliding Model with dt = 1.0000007000000002e-05, solver reference = 0.020000000003 and solver impedance = 0.001000000006
	Calculated final value: 0.47534052953871286
Running model "Mujoco" with parameters [7.e-12 3.e-12 7.e-12]
	Simulating Two Spheres Colliding Model with dt = 1.0000007000000002e-05, solver reference = 0.020000000003 and solver impedance = 0.001000000007
	Calculated final value: 0.4753405295380253
Running model "Mujoco" with parameters [7.e-12 3.e-12 8.e-12]
	Simulating Two Spheres Colliding Model with dt = 1.0000007000000002e-05, solver reference = 0.020000000003 and solver impedance = 0.001000000008
	Calculated final value: 0.47534052953734124
Running model "Mujoco" with parameters [7.e-12 3.e-12 9.e-12]
	Simulating Two Spheres Colliding Model with dt = 1.0000007000000002e-05, solver reference = 0.020000000003 and solver impedance = 0.001000000009
	Calculated final value: 0.4753405295366492
Running model "Mujoco" with parameters [7.e-12 3.e-12 1.e-11]
	Simulating Two Spheres Colliding Model with dt = 1.0000007000000002e-05, solver reference = 0.020000000003 and solver impedance = 0.00100000001
	Calculated final value: 0.4753405295359539
Running model "Mujoco" with parameters [7.e-12 4.e-12 1.e-12]
	Simulating Two Spheres Colliding Model with dt = 1.0000007000000002e-05, solver reference = 0.020000000004000002 and solver impedance = 0.001000000001
	Calculated final value: 0.47534052954277173
Running model "Mujoco" with parameters [7.e-12 4.e-12 2.e-12]
	Simulating Two Spheres Colliding Model with dt = 1.0000007000000002e-05, solver reference = 0.020000000004000002 and solver impedance = 0.001000000002
	Calculated final value: 0.47534052954207595
Running model "Mujoco" with parameters [7.e-12 4.e-12 3.e-12]
	Simulating Two Spheres Colliding Model with dt = 1.0000007000000002e-05, solver reference = 0.020000000004000002 and solver impedance = 0.001000000003
	Calculated final value: 0.4753405295413857
Running model "Mujoco" with parameters [7.e-12 4.e-12 4.e-12]
	Simulating Two Spheres Colliding Model with dt = 1.0000007000000002e-05, solver reference = 0.020000000004000002 and solver impedance = 0.001000000004
	Calculated final value: 0.47534052954070016
Running model "Mujoco" with parameters [7.e-12 4.e-12 5.e-12]
	Simulating Two Spheres Colliding Model with dt = 1.0000007000000002e-05, solver reference = 0.020000000004000002 and solver impedance = 0.001000000005
	Calculated final value: 0.4753405295400173
Running model "Mujoco" with parameters [7.e-12 4.e-12 6.e-12]
	Simulating Two Spheres Colliding Model with dt = 1.0000007000000002e-05, solver reference = 0.020000000004000002 and solver impedance = 0.001000000006
	Calculated final value: 0.4753405295393356
Running model "Mujoco" with parameters [7.e-12 4.e-12 7.e-12]
	Simulating Two Spheres Colliding Model with dt = 1.0000007000000002e-05, solver reference = 0.020000000004000002 and solver impedance = 0.001000000007
	Calculated final value: 0.4753405295386546
Running model "Mujoco" with parameters [7.e-12 4.e-12 8.e-12]
	Simulating Two Spheres Colliding Model with dt = 1.0000007000000002e-05, solver reference = 0.020000000004000002 and solver impedance = 0.001000000008
	Calculated final value: 0.4753405295379666
Running model "Mujoco" with parameters [7.e-12 4.e-12 9.e-12]
	Simulating Two Spheres Colliding Model with dt = 1.0000007000000002e-05, solver reference = 0.020000000004000002 and solver impedance = 0.001000000009
	Calculated final value: 0.4753405295372761
Running model "Mujoco" with parameters [7.e-12 4.e-12 1.e-11]
	Simulating Two Spheres Colliding Model with dt = 1.0000007000000002e-05, solver reference = 0.020000000004000002 and solver impedance = 0.00100000001
	Calculated final value: 0.4753405295365866
Running model "Mujoco" with parameters [7.e-12 5.e-12 1.e-12]
	Simulating Two Spheres Colliding Model with dt = 1.0000007000000002e-05, solver reference = 0.020000000005 and solver impedance = 0.001000000001
	Calculated final value: 0.4753405295433869
Running model "Mujoco" with parameters [7.e-12 5.e-12 2.e-12]
	Simulating Two Spheres Colliding Model with dt = 1.0000007000000002e-05, solver reference = 0.020000000005 and solver impedance = 0.001000000002
	Calculated final value: 0.4753405295426973
Running model "Mujoco" with parameters [7.e-12 5.e-12 3.e-12]
	Simulating Two Spheres Colliding Model with dt = 1.0000007000000002e-05, solver reference = 0.020000000005 and solver impedance = 0.001000000003
	Calculated final value: 0.4753405295420057
Running model "Mujoco" with parameters [7.e-12 5.e-12 4.e-12]
	Simulating Two Spheres Colliding Model with dt = 1.0000007000000002e-05, solver reference = 0.020000000005 and solver impedance = 0.001000000004
	Calculated final value: 0.4753405295413209
Running model "Mujoco" with parameters [7.e-12 5.e-12 5.e-12]
	Simulating Two Spheres Colliding Model with dt = 1.0000007000000002e-05, solver reference = 0.020000000005 and solver impedance = 0.001000000005
	Calculated final value: 0.4753405295406319
Running model "Mujoco" with parameters [7.e-12 5.e-12 6.e-12]
	Simulating Two Spheres Colliding Model with dt = 1.0000007000000002e-05, solver reference = 0.020000000005 and solver impedance = 0.001000000006
	Calculated final value: 0.47534052953994393
Running model "Mujoco" with parameters [7.e-12 5.e-12 7.e-12]
	Simulating Two Spheres Colliding Model with dt = 1.0000007000000002e-05, solver reference = 0.020000000005 and solver impedance = 0.001000000007
	Calculated final value: 0.4753405295392624
Running model "Mujoco" with parameters [7.e-12 5.e-12 8.e-12]
	Simulating Two Spheres Colliding Model with dt = 1.0000007000000002e-05, solver reference = 0.020000000005 and solver impedance = 0.001000000008
	Calculated final value: 0.4753405295385833
Running model "Mujoco" with parameters [7.e-12 5.e-12 9.e-12]
	Simulating Two Spheres Colliding Model with dt = 1.0000007000000002e-05, solver reference = 0.020000000005 and solver impedance = 0.001000000009
	Calculated final value: 0.4753405295378894
Running model "Mujoco" with parameters [7.e-12 5.e-12 1.e-11]
	Simulating Two Spheres Colliding Model with dt = 1.0000007000000002e-05, solver reference = 0.020000000005 and solver impedance = 0.00100000001
	Calculated final value: 0.4753405295371982
Running model "Mujoco" with parameters [7.e-12 6.e-12 1.e-12]
	Simulating Two Spheres Colliding Model with dt = 1.0000007000000002e-05, solver reference = 0.020000000006 and solver impedance = 0.001000000001
	Calculated final value: 0.47534052954401473
Running model "Mujoco" with parameters [7.e-12 6.e-12 2.e-12]
	Simulating Two Spheres Colliding Model with dt = 1.0000007000000002e-05, solver reference = 0.020000000006 and solver impedance = 0.001000000002
	Calculated final value: 0.47534052954333283
Running model "Mujoco" with parameters [7.e-12 6.e-12 3.e-12]
	Simulating Two Spheres Colliding Model with dt = 1.0000007000000002e-05, solver reference = 0.020000000006 and solver impedance = 0.001000000003
	Calculated final value: 0.47534052954263945
Running model "Mujoco" with parameters [7.e-12 6.e-12 4.e-12]
	Simulating Two Spheres Colliding Model with dt = 1.0000007000000002e-05, solver reference = 0.020000000006 and solver impedance = 0.001000000004
	Calculated final value: 0.4753405295419426
Running model "Mujoco" with parameters [7.e-12 6.e-12 5.e-12]
	Simulating Two Spheres Colliding Model with dt = 1.0000007000000002e-05, solver reference = 0.020000000006 and solver impedance = 0.001000000005
	Calculated final value: 0.47534052954125317
Running model "Mujoco" with parameters [7.e-12 6.e-12 6.e-12]
	Simulating Two Spheres Colliding Model with dt = 1.0000007000000002e-05, solver reference = 0.020000000006 and solver impedance = 0.001000000006
	Calculated final value: 0.4753405295405645
Running model "Mujoco" with parameters [7.e-12 6.e-12 7.e-12]
	Simulating Two Spheres Colliding Model with dt = 1.0000007000000002e-05, solver reference = 0.020000000006 and solver impedance = 0.001000000007
	Calculated final value: 0.4753405295398745
Running model "Mujoco" with parameters [7.e-12 6.e-12 8.e-12]
	Simulating Two Spheres Colliding Model with dt = 1.0000007000000002e-05, solver reference = 0.020000000006 and solver impedance = 0.001000000008
	Calculated final value: 0.47534052953918937
Running model "Mujoco" with parameters [7.e-12 6.e-12 9.e-12]
	Simulating Two Spheres Colliding Model with dt = 1.0000007000000002e-05, solver reference = 0.020000000006 and solver impedance = 0.001000000009
	Calculated final value: 0.4753405295385066
Running model "Mujoco" with parameters [7.e-12 6.e-12 1.e-11]
	Simulating Two Spheres Colliding Model with dt = 1.0000007000000002e-05, solver reference = 0.020000000006 and solver impedance = 0.00100000001
	Calculated final value: 0.47534052953782113
Running model "Mujoco" with parameters [7.e-12 7.e-12 1.e-12]
	Simulating Two Spheres Colliding Model with dt = 1.0000007000000002e-05, solver reference = 0.020000000007 and solver impedance = 0.001000000001
	Calculated final value: 0.4753405295446281
Running model "Mujoco" with parameters [7.e-12 7.e-12 2.e-12]
	Simulating Two Spheres Colliding Model with dt = 1.0000007000000002e-05, solver reference = 0.020000000007 and solver impedance = 0.001000000002
	Calculated final value: 0.475340529543943
Running model "Mujoco" with parameters [7.e-12 7.e-12 3.e-12]
	Simulating Two Spheres Colliding Model with dt = 1.0000007000000002e-05, solver reference = 0.020000000007 and solver impedance = 0.001000000003
	Calculated final value: 0.4753405295432568
Running model "Mujoco" with parameters [7.e-12 7.e-12 4.e-12]
	Simulating Two Spheres Colliding Model with dt = 1.0000007000000002e-05, solver reference = 0.020000000007 and solver impedance = 0.001000000004
	Calculated final value: 0.47534052954257255
Running model "Mujoco" with parameters [7.e-12 7.e-12 5.e-12]
	Simulating Two Spheres Colliding Model with dt = 1.0000007000000002e-05, solver reference = 0.020000000007 and solver impedance = 0.001000000005
	Calculated final value: 0.4753405295418691
Running model "Mujoco" with parameters [7.e-12 7.e-12 6.e-12]
	Simulating Two Spheres Colliding Model with dt = 1.0000007000000002e-05, solver reference = 0.020000000007 and solver impedance = 0.001000000006
	Calculated final value: 0.47534052954118033
Running model "Mujoco" with parameters [7.e-12 7.e-12 7.e-12]
	Simulating Two Spheres Colliding Model with dt = 1.0000007000000002e-05, solver reference = 0.020000000007 and solver impedance = 0.001000000007
	Calculated final value: 0.475340529540494
Running model "Mujoco" with parameters [7.e-12 7.e-12 8.e-12]
	Simulating Two Spheres Colliding Model with dt = 1.0000007000000002e-05, solver reference = 0.020000000007 and solver impedance = 0.001000000008
	Calculated final value: 0.4753405295398105
Running model "Mujoco" with parameters [7.e-12 7.e-12 9.e-12]
	Simulating Two Spheres Colliding Model with dt = 1.0000007000000002e-05, solver reference = 0.020000000007 and solver impedance = 0.001000000009
	Calculated final value: 0.47534052953912465
Running model "Mujoco" with parameters [7.e-12 7.e-12 1.e-11]
	Simulating Two Spheres Colliding Model with dt = 1.0000007000000002e-05, solver reference = 0.020000000007 and solver impedance = 0.00100000001
	Calculated final value: 0.4753405295384362
Running model "Mujoco" with parameters [7.e-12 8.e-12 1.e-12]
	Simulating Two Spheres Colliding Model with dt = 1.0000007000000002e-05, solver reference = 0.020000000008 and solver impedance = 0.001000000001
	Calculated final value: 0.475340529545243
Running model "Mujoco" with parameters [7.e-12 8.e-12 2.e-12]
	Simulating Two Spheres Colliding Model with dt = 1.0000007000000002e-05, solver reference = 0.020000000008 and solver impedance = 0.001000000002
	Calculated final value: 0.4753405295445572
Running model "Mujoco" with parameters [7.e-12 8.e-12 3.e-12]
	Simulating Two Spheres Colliding Model with dt = 1.0000007000000002e-05, solver reference = 0.020000000008 and solver impedance = 0.001000000003
	Calculated final value: 0.4753405295438586
Running model "Mujoco" with parameters [7.e-12 8.e-12 4.e-12]
	Simulating Two Spheres Colliding Model with dt = 1.0000007000000002e-05, solver reference = 0.020000000008 and solver impedance = 0.001000000004
	Calculated final value: 0.4753405295431764
Running model "Mujoco" with parameters [7.e-12 8.e-12 5.e-12]
	Simulating Two Spheres Colliding Model with dt = 1.0000007000000002e-05, solver reference = 0.020000000008 and solver impedance = 0.001000000005
	Calculated final value: 0.4753405295424974
Running model "Mujoco" with parameters [7.e-12 8.e-12 6.e-12]
	Simulating Two Spheres Colliding Model with dt = 1.0000007000000002e-05, solver reference = 0.020000000008 and solver impedance = 0.001000000006
	Calculated final value: 0.4753405295418073
Running model "Mujoco" with parameters [7.e-12 8.e-12 7.e-12]
	Simulating Two Spheres Colliding Model with dt = 1.0000007000000002e-05, solver reference = 0.020000000008 and solver impedance = 0.001000000007
	Calculated final value: 0.4753405295411145
Running model "Mujoco" with parameters [7.e-12 8.e-12 8.e-12]
	Simulating Two Spheres Colliding Model with dt = 1.0000007000000002e-05, solver reference = 0.020000000008 and solver impedance = 0.001000000008
	Calculated final value: 0.47534052954042905
Running model "Mujoco" with parameters [7.e-12 8.e-12 9.e-12]
	Simulating Two Spheres Colliding Model with dt = 1.0000007000000002e-05, solver reference = 0.020000000008 and solver impedance = 0.001000000009
	Calculated final value: 0.4753405295397446
Running model "Mujoco" with parameters [7.e-12 8.e-12 1.e-11]
	Simulating Two Spheres Colliding Model with dt = 1.0000007000000002e-05, solver reference = 0.020000000008 and solver impedance = 0.00100000001
	Calculated final value: 0.4753405295390616
Running model "Mujoco" with parameters [7.e-12 9.e-12 1.e-12]
	Simulating Two Spheres Colliding Model with dt = 1.0000007000000002e-05, solver reference = 0.020000000009 and solver impedance = 0.001000000001
	Calculated final value: 0.4753405295458588
Running model "Mujoco" with parameters [7.e-12 9.e-12 2.e-12]
	Simulating Two Spheres Colliding Model with dt = 1.0000007000000002e-05, solver reference = 0.020000000009 and solver impedance = 0.001000000002
	Calculated final value: 0.47534052954516615
Running model "Mujoco" with parameters [7.e-12 9.e-12 3.e-12]
	Simulating Two Spheres Colliding Model with dt = 1.0000007000000002e-05, solver reference = 0.020000000009 and solver impedance = 0.001000000003
	Calculated final value: 0.47534052954448547
Running model "Mujoco" with parameters [7.e-12 9.e-12 4.e-12]
	Simulating Two Spheres Colliding Model with dt = 1.0000007000000002e-05, solver reference = 0.020000000009 and solver impedance = 0.001000000004
	Calculated final value: 0.47534052954379724
Running model "Mujoco" with parameters [7.e-12 9.e-12 5.e-12]
	Simulating Two Spheres Colliding Model with dt = 1.0000007000000002e-05, solver reference = 0.020000000009 and solver impedance = 0.001000000005
	Calculated final value: 0.4753405295431061
Running model "Mujoco" with parameters [7.e-12 9.e-12 6.e-12]
	Simulating Two Spheres Colliding Model with dt = 1.0000007000000002e-05, solver reference = 0.020000000009 and solver impedance = 0.001000000006
	Calculated final value: 0.4753405295424247
Running model "Mujoco" with parameters [7.e-12 9.e-12 7.e-12]
	Simulating Two Spheres Colliding Model with dt = 1.0000007000000002e-05, solver reference = 0.020000000009 and solver impedance = 0.001000000007
	Calculated final value: 0.4753405295417421
Running model "Mujoco" with parameters [7.e-12 9.e-12 8.e-12]
	Simulating Two Spheres Colliding Model with dt = 1.0000007000000002e-05, solver reference = 0.020000000009 and solver impedance = 0.001000000008
	Calculated final value: 0.4753405295410529
Running model "Mujoco" with parameters [7.e-12 9.e-12 9.e-12]
	Simulating Two Spheres Colliding Model with dt = 1.0000007000000002e-05, solver reference = 0.020000000009 and solver impedance = 0.001000000009
	Calculated final value: 0.47534052954035516
Running model "Mujoco" with parameters [7.e-12 9.e-12 1.e-11]
	Simulating Two Spheres Colliding Model with dt = 1.0000007000000002e-05, solver reference = 0.020000000009 and solver impedance = 0.00100000001
	Calculated final value: 0.47534052953966416
Running model "Mujoco" with parameters [7.e-12 1.e-11 1.e-12]
	Simulating Two Spheres Colliding Model with dt = 1.0000007000000002e-05, solver reference = 0.02000000001 and solver impedance = 0.001000000001
	Calculated final value: 0.475340529546477
Running model "Mujoco" with parameters [7.e-12 1.e-11 2.e-12]
	Simulating Two Spheres Colliding Model with dt = 1.0000007000000002e-05, solver reference = 0.02000000001 and solver impedance = 0.001000000002
	Calculated final value: 0.47534052954579276
Running model "Mujoco" with parameters [7.e-12 1.e-11 3.e-12]
	Simulating Two Spheres Colliding Model with dt = 1.0000007000000002e-05, solver reference = 0.02000000001 and solver impedance = 0.001000000003
	Calculated final value: 0.47534052954510086
Running model "Mujoco" with parameters [7.e-12 1.e-11 4.e-12]
	Simulating Two Spheres Colliding Model with dt = 1.0000007000000002e-05, solver reference = 0.02000000001 and solver impedance = 0.001000000004
	Calculated final value: 0.47534052954441214
Running model "Mujoco" with parameters [7.e-12 1.e-11 5.e-12]
	Simulating Two Spheres Colliding Model with dt = 1.0000007000000002e-05, solver reference = 0.02000000001 and solver impedance = 0.001000000005
	Calculated final value: 0.4753405295437276
Running model "Mujoco" with parameters [7.e-12 1.e-11 6.e-12]
	Simulating Two Spheres Colliding Model with dt = 1.0000007000000002e-05, solver reference = 0.02000000001 and solver impedance = 0.001000000006
	Calculated final value: 0.47534052954304373
Running model "Mujoco" with parameters [7.e-12 1.e-11 7.e-12]
	Simulating Two Spheres Colliding Model with dt = 1.0000007000000002e-05, solver reference = 0.02000000001 and solver impedance = 0.001000000007
	Calculated final value: 0.47534052954235356
Running model "Mujoco" with parameters [7.e-12 1.e-11 8.e-12]
	Simulating Two Spheres Colliding Model with dt = 1.0000007000000002e-05, solver reference = 0.02000000001 and solver impedance = 0.001000000008
	Calculated final value: 0.4753405295416647
Running model "Mujoco" with parameters [7.e-12 1.e-11 9.e-12]
	Simulating Two Spheres Colliding Model with dt = 1.0000007000000002e-05, solver reference = 0.02000000001 and solver impedance = 0.001000000009
	Calculated final value: 0.47534052954097494
Running model "Mujoco" with parameters [7.e-12 1.e-11 1.e-11]
	Simulating Two Spheres Colliding Model with dt = 1.0000007000000002e-05, solver reference = 0.02000000001 and solver impedance = 0.00100000001
	Calculated final value: 0.47534052954028627
Running model "Mujoco" with parameters [8.e-12 1.e-12 1.e-12]
	Simulating Two Spheres Colliding Model with dt = 1.0000008000000001e-05, solver reference = 0.020000000001 and solver impedance = 0.001000000001
	Calculated final value: 0.47534049852257626
Running model "Mujoco" with parameters [8.e-12 1.e-12 2.e-12]
	Simulating Two Spheres Colliding Model with dt = 1.0000008000000001e-05, solver reference = 0.020000000001 and solver impedance = 0.001000000002
	Calculated final value: 0.4753404985218904
Running model "Mujoco" with parameters [8.e-12 1.e-12 3.e-12]
	Simulating Two Spheres Colliding Model with dt = 1.0000008000000001e-05, solver reference = 0.020000000001 and solver impedance = 0.001000000003
	Calculated final value: 0.47534049852120586
Running model "Mujoco" with parameters [8.e-12 1.e-12 4.e-12]
	Simulating Two Spheres Colliding Model with dt = 1.0000008000000001e-05, solver reference = 0.020000000001 and solver impedance = 0.001000000004
	Calculated final value: 0.4753404985205127
Running model "Mujoco" with parameters [8.e-12 1.e-12 5.e-12]
	Simulating Two Spheres Colliding Model with dt = 1.0000008000000001e-05, solver reference = 0.020000000001 and solver impedance = 0.001000000005
	Calculated final value: 0.47534049851981997
Running model "Mujoco" with parameters [8.e-12 1.e-12 6.e-12]
	Simulating Two Spheres Colliding Model with dt = 1.0000008000000001e-05, solver reference = 0.020000000001 and solver impedance = 0.001000000006
	Calculated final value: 0.47534049851912696
Running model "Mujoco" with parameters [8.e-12 1.e-12 7.e-12]
	Simulating Two Spheres Colliding Model with dt = 1.0000008000000001e-05, solver reference = 0.020000000001 and solver impedance = 0.001000000007
	Calculated final value: 0.4753404985184304
Running model "Mujoco" with parameters [8.e-12 1.e-12 8.e-12]
	Simulating Two Spheres Colliding Model with dt = 1.0000008000000001e-05, solver reference = 0.020000000001 and solver impedance = 0.001000000008
	Calculated final value: 0.4753404985177405
Running model "Mujoco" with parameters [8.e-12 1.e-12 9.e-12]
	Simulating Two Spheres Colliding Model with dt = 1.0000008000000001e-05, solver reference = 0.020000000001 and solver impedance = 0.001000000009
	Calculated final value: 0.4753404985170474
Running model "Mujoco" with parameters [8.e-12 1.e-12 1.e-11]
	Simulating Two Spheres Colliding Model with dt = 1.0000008000000001e-05, solver reference = 0.020000000001 and solver impedance = 0.00100000001
	Calculated final value: 0.47534049851636273
Running model "Mujoco" with parameters [8.e-12 2.e-12 1.e-12]
	Simulating Two Spheres Colliding Model with dt = 1.0000008000000001e-05, solver reference = 0.020000000002 and solver impedance = 0.001000000001
	Calculated final value: 0.4753404985231895
Running model "Mujoco" with parameters [8.e-12 2.e-12 2.e-12]
	Simulating Two Spheres Colliding Model with dt = 1.0000008000000001e-05, solver reference = 0.020000000002 and solver impedance = 0.001000000002
	Calculated final value: 0.4753404985225061
Running model "Mujoco" with parameters [8.e-12 2.e-12 3.e-12]
	Simulating Two Spheres Colliding Model with dt = 1.0000008000000001e-05, solver reference = 0.020000000002 and solver impedance = 0.001000000003
	Calculated final value: 0.4753404985218214
Running model "Mujoco" with parameters [8.e-12 2.e-12 4.e-12]
	Simulating Two Spheres Colliding Model with dt = 1.0000008000000001e-05, solver reference = 0.020000000002 and solver impedance = 0.001000000004
	Calculated final value: 0.475340498521133
Running model "Mujoco" with parameters [8.e-12 2.e-12 5.e-12]
	Simulating Two Spheres Colliding Model with dt = 1.0000008000000001e-05, solver reference = 0.020000000002 and solver impedance = 0.001000000005
	Calculated final value: 0.47534049852044064
Running model "Mujoco" with parameters [8.e-12 2.e-12 6.e-12]
	Simulating Two Spheres Colliding Model with dt = 1.0000008000000001e-05, solver reference = 0.020000000002 and solver impedance = 0.001000000006
	Calculated final value: 0.47534049851974924
Running model "Mujoco" with parameters [8.e-12 2.e-12 7.e-12]
	Simulating Two Spheres Colliding Model with dt = 1.0000008000000001e-05, solver reference = 0.020000000002 and solver impedance = 0.001000000007
	Calculated final value: 0.47534049851905436
Running model "Mujoco" with parameters [8.e-12 2.e-12 8.e-12]
	Simulating Two Spheres Colliding Model with dt = 1.0000008000000001e-05, solver reference = 0.020000000002 and solver impedance = 0.001000000008
	Calculated final value: 0.47534049851837246
Running model "Mujoco" with parameters [8.e-12 2.e-12 9.e-12]
	Simulating Two Spheres Colliding Model with dt = 1.0000008000000001e-05, solver reference = 0.020000000002 and solver impedance = 0.001000000009
	Calculated final value: 0.4753404985176751
Running model "Mujoco" with parameters [8.e-12 2.e-12 1.e-11]
	Simulating Two Spheres Colliding Model with dt = 1.0000008000000001e-05, solver reference = 0.020000000002 and solver impedance = 0.00100000001
	Calculated final value: 0.47534049851698484
Running model "Mujoco" with parameters [8.e-12 3.e-12 1.e-12]
	Simulating Two Spheres Colliding Model with dt = 1.0000008000000001e-05, solver reference = 0.020000000003 and solver impedance = 0.001000000001
	Calculated final value: 0.4753404985238106
Running model "Mujoco" with parameters [8.e-12 3.e-12 2.e-12]
	Simulating Two Spheres Colliding Model with dt = 1.0000008000000001e-05, solver reference = 0.020000000003 and solver impedance = 0.001000000002
	Calculated final value: 0.4753404985231238
Running model "Mujoco" with parameters [8.e-12 3.e-12 3.e-12]
	Simulating Two Spheres Colliding Model with dt = 1.0000008000000001e-05, solver reference = 0.020000000003 and solver impedance = 0.001000000003
	Calculated final value: 0.47534049852243565
Running model "Mujoco" with parameters [8.e-12 3.e-12 4.e-12]
	Simulating Two Spheres Colliding Model with dt = 1.0000008000000001e-05, solver reference = 0.020000000003 and solver impedance = 0.001000000004
	Calculated final value: 0.4753404985217489
Running model "Mujoco" with parameters [8.e-12 3.e-12 5.e-12]
	Simulating Two Spheres Colliding Model with dt = 1.0000008000000001e-05, solver reference = 0.020000000003 and solver impedance = 0.001000000005
	Calculated final value: 0.47534049852105575
Running model "Mujoco" with parameters [8.e-12 3.e-12 6.e-12]
	Simulating Two Spheres Colliding Model with dt = 1.0000008000000001e-05, solver reference = 0.020000000003 and solver impedance = 0.001000000006
	Calculated final value: 0.47534049852036475
Running model "Mujoco" with parameters [8.e-12 3.e-12 7.e-12]
	Simulating Two Spheres Colliding Model with dt = 1.0000008000000001e-05, solver reference = 0.020000000003 and solver impedance = 0.001000000007
	Calculated final value: 0.4753404985196841
Running model "Mujoco" with parameters [8.e-12 3.e-12 8.e-12]
	Simulating Two Spheres Colliding Model with dt = 1.0000008000000001e-05, solver reference = 0.020000000003 and solver impedance = 0.001000000008
	Calculated final value: 0.4753404985189936
Running model "Mujoco" with parameters [8.e-12 3.e-12 9.e-12]
	Simulating Two Spheres Colliding Model with dt = 1.0000008000000001e-05, solver reference = 0.020000000003 and solver impedance = 0.001000000009
	Calculated final value: 0.47534049851830446
Running model "Mujoco" with parameters [8.e-12 3.e-12 1.e-11]
	Simulating Two Spheres Colliding Model with dt = 1.0000008000000001e-05, solver reference = 0.020000000003 and solver impedance = 0.00100000001
	Calculated final value: 0.4753404985176228
Running model "Mujoco" with parameters [8.e-12 4.e-12 1.e-12]
	Simulating Two Spheres Colliding Model with dt = 1.0000008000000001e-05, solver reference = 0.020000000004000002 and solver impedance = 0.001000000001
	Calculated final value: 0.4753404985244254
Running model "Mujoco" with parameters [8.e-12 4.e-12 2.e-12]
	Simulating Two Spheres Colliding Model with dt = 1.0000008000000001e-05, solver reference = 0.020000000004000002 and solver impedance = 0.001000000002
	Calculated final value: 0.4753404985237336
Running model "Mujoco" with parameters [8.e-12 4.e-12 3.e-12]
	Simulating Two Spheres Colliding Model with dt = 1.0000008000000001e-05, solver reference = 0.020000000004000002 and solver impedance = 0.001000000003
	Calculated final value: 0.47534049852305327
Running model "Mujoco" with parameters [8.e-12 4.e-12 4.e-12]
	Simulating Two Spheres Colliding Model with dt = 1.0000008000000001e-05, solver reference = 0.020000000004000002 and solver impedance = 0.001000000004
	Calculated final value: 0.4753404985223628
Running model "Mujoco" with parameters [8.e-12 4.e-12 5.e-12]
	Simulating Two Spheres Colliding Model with dt = 1.0000008000000001e-05, solver reference = 0.020000000004000002 and solver impedance = 0.001000000005
	Calculated final value: 0.4753404985216801
Running model "Mujoco" with parameters [8.e-12 4.e-12 6.e-12]
	Simulating Two Spheres Colliding Model with dt = 1.0000008000000001e-05, solver reference = 0.020000000004000002 and solver impedance = 0.001000000006
	Calculated final value: 0.4753404985209929
Running model "Mujoco" with parameters [8.e-12 4.e-12 7.e-12]
	Simulating Two Spheres Colliding Model with dt = 1.0000008000000001e-05, solver reference = 0.020000000004000002 and solver impedance = 0.001000000007
	Calculated final value: 0.4753404985202972
Running model "Mujoco" with parameters [8.e-12 4.e-12 8.e-12]
	Simulating Two Spheres Colliding Model with dt = 1.0000008000000001e-05, solver reference = 0.020000000004000002 and solver impedance = 0.001000000008
	Calculated final value: 0.47534049851961324
Running model "Mujoco" with parameters [8.e-12 4.e-12 9.e-12]
	Simulating Two Spheres Colliding Model with dt = 1.0000008000000001e-05, solver reference = 0.020000000004000002 and solver impedance = 0.001000000009
	Calculated final value: 0.47534049851892896
Running model "Mujoco" with parameters [8.e-12 4.e-12 1.e-11]
	Simulating Two Spheres Colliding Model with dt = 1.0000008000000001e-05, solver reference = 0.020000000004000002 and solver impedance = 0.00100000001
	Calculated final value: 0.47534049851823634
Running model "Mujoco" with parameters [8.e-12 5.e-12 1.e-12]
	Simulating Two Spheres Colliding Model with dt = 1.0000008000000001e-05, solver reference = 0.020000000005 and solver impedance = 0.001000000001
	Calculated final value: 0.47534049852504057
Running model "Mujoco" with parameters [8.e-12 5.e-12 2.e-12]
	Simulating Two Spheres Colliding Model with dt = 1.0000008000000001e-05, solver reference = 0.020000000005 and solver impedance = 0.001000000002
	Calculated final value: 0.4753404985243536
Running model "Mujoco" with parameters [8.e-12 5.e-12 3.e-12]
	Simulating Two Spheres Colliding Model with dt = 1.0000008000000001e-05, solver reference = 0.020000000005 and solver impedance = 0.001000000003
	Calculated final value: 0.47534049852366794
Running model "Mujoco" with parameters [8.e-12 5.e-12 4.e-12]
	Simulating Two Spheres Colliding Model with dt = 1.0000008000000001e-05, solver reference = 0.020000000005 and solver impedance = 0.001000000004
	Calculated final value: 0.47534049852297305
Running model "Mujoco" with parameters [8.e-12 5.e-12 5.e-12]
	Simulating Two Spheres Colliding Model with dt = 1.0000008000000001e-05, solver reference = 0.020000000005 and solver impedance = 0.001000000005
	Calculated final value: 0.4753404985222885
Running model "Mujoco" with parameters [8.e-12 5.e-12 6.e-12]
	Simulating Two Spheres Colliding Model with dt = 1.0000008000000001e-05, solver reference = 0.020000000005 and solver impedance = 0.001000000006
	Calculated final value: 0.4753404985216043
Running model "Mujoco" with parameters [8.e-12 5.e-12 7.e-12]
	Simulating Two Spheres Colliding Model with dt = 1.0000008000000001e-05, solver reference = 0.020000000005 and solver impedance = 0.001000000007
	Calculated final value: 0.47534049852092874
Running model "Mujoco" with parameters [8.e-12 5.e-12 8.e-12]
	Simulating Two Spheres Colliding Model with dt = 1.0000008000000001e-05, solver reference = 0.020000000005 and solver impedance = 0.001000000008
	Calculated final value: 0.4753404985202334
Running model "Mujoco" with parameters [8.e-12 5.e-12 9.e-12]
	Simulating Two Spheres Colliding Model with dt = 1.0000008000000001e-05, solver reference = 0.020000000005 and solver impedance = 0.001000000009
	Calculated final value: 0.4753404985195379
Running model "Mujoco" with parameters [8.e-12 5.e-12 1.e-11]
	Simulating Two Spheres Colliding Model with dt = 1.0000008000000001e-05, solver reference = 0.020000000005 and solver impedance = 0.00100000001
	Calculated final value: 0.47534049851885174
Running model "Mujoco" with parameters [8.e-12 6.e-12 1.e-12]
	Simulating Two Spheres Colliding Model with dt = 1.0000008000000001e-05, solver reference = 0.020000000006 and solver impedance = 0.001000000001
	Calculated final value: 0.47534049852567123
Running model "Mujoco" with parameters [8.e-12 6.e-12 2.e-12]
	Simulating Two Spheres Colliding Model with dt = 1.0000008000000001e-05, solver reference = 0.020000000006 and solver impedance = 0.001000000002
	Calculated final value: 0.4753404985249901
Running model "Mujoco" with parameters [8.e-12 6.e-12 3.e-12]
	Simulating Two Spheres Colliding Model with dt = 1.0000008000000001e-05, solver reference = 0.020000000006 and solver impedance = 0.001000000003
	Calculated final value: 0.4753404985242886
Running model "Mujoco" with parameters [8.e-12 6.e-12 4.e-12]
	Simulating Two Spheres Colliding Model with dt = 1.0000008000000001e-05, solver reference = 0.020000000006 and solver impedance = 0.001000000004
	Calculated final value: 0.4753404985235995
Running model "Mujoco" with parameters [8.e-12 6.e-12 5.e-12]
	Simulating Two Spheres Colliding Model with dt = 1.0000008000000001e-05, solver reference = 0.020000000006 and solver impedance = 0.001000000005
	Calculated final value: 0.47534049852290966
Running model "Mujoco" with parameters [8.e-12 6.e-12 6.e-12]
	Simulating Two Spheres Colliding Model with dt = 1.0000008000000001e-05, solver reference = 0.020000000006 and solver impedance = 0.001000000006
	Calculated final value: 0.47534049852222504
Running model "Mujoco" with parameters [8.e-12 6.e-12 7.e-12]
	Simulating Two Spheres Colliding Model with dt = 1.0000008000000001e-05, solver reference = 0.020000000006 and solver impedance = 0.001000000007
	Calculated final value: 0.47534049852153243
Running model "Mujoco" with parameters [8.e-12 6.e-12 8.e-12]
	Simulating Two Spheres Colliding Model with dt = 1.0000008000000001e-05, solver reference = 0.020000000006 and solver impedance = 0.001000000008
	Calculated final value: 0.47534049852085136
Running model "Mujoco" with parameters [8.e-12 6.e-12 9.e-12]
	Simulating Two Spheres Colliding Model with dt = 1.0000008000000001e-05, solver reference = 0.020000000006 and solver impedance = 0.001000000009
	Calculated final value: 0.4753404985201525
Running model "Mujoco" with parameters [8.e-12 6.e-12 1.e-11]
	Simulating Two Spheres Colliding Model with dt = 1.0000008000000001e-05, solver reference = 0.020000000006 and solver impedance = 0.00100000001
	Calculated final value: 0.47534049851947074
Running model "Mujoco" with parameters [8.e-12 7.e-12 1.e-12]
	Simulating Two Spheres Colliding Model with dt = 1.0000008000000001e-05, solver reference = 0.020000000007 and solver impedance = 0.001000000001
	Calculated final value: 0.47534049852629606
Running model "Mujoco" with parameters [8.e-12 7.e-12 2.e-12]
	Simulating Two Spheres Colliding Model with dt = 1.0000008000000001e-05, solver reference = 0.020000000007 and solver impedance = 0.001000000002
	Calculated final value: 0.47534049852560256
Running model "Mujoco" with parameters [8.e-12 7.e-12 3.e-12]
	Simulating Two Spheres Colliding Model with dt = 1.0000008000000001e-05, solver reference = 0.020000000007 and solver impedance = 0.001000000003
	Calculated final value: 0.47534049852491256
Running model "Mujoco" with parameters [8.e-12 7.e-12 4.e-12]
	Simulating Two Spheres Colliding Model with dt = 1.0000008000000001e-05, solver reference = 0.020000000007 and solver impedance = 0.001000000004
	Calculated final value: 0.4753404985242211
Running model "Mujoco" with parameters [8.e-12 7.e-12 5.e-12]
	Simulating Two Spheres Colliding Model with dt = 1.0000008000000001e-05, solver reference = 0.020000000007 and solver impedance = 0.001000000005
	Calculated final value: 0.4753404985235312
Running model "Mujoco" with parameters [8.e-12 7.e-12 6.e-12]
	Simulating Two Spheres Colliding Model with dt = 1.0000008000000001e-05, solver reference = 0.020000000007 and solver impedance = 0.001000000006
	Calculated final value: 0.4753404985228421
Running model "Mujoco" with parameters [8.e-12 7.e-12 7.e-12]
	Simulating Two Spheres Colliding Model with dt = 1.0000008000000001e-05, solver reference = 0.020000000007 and solver impedance = 0.001000000007
	Calculated final value: 0.47534049852215976
Running model "Mujoco" with parameters [8.e-12 7.e-12 8.e-12]
	Simulating Two Spheres Colliding Model with dt = 1.0000008000000001e-05, solver reference = 0.020000000007 and solver impedance = 0.001000000008
	Calculated final value: 0.47534049852146865
Running model "Mujoco" with parameters [8.e-12 7.e-12 9.e-12]
	Simulating Two Spheres Colliding Model with dt = 1.0000008000000001e-05, solver reference = 0.020000000007 and solver impedance = 0.001000000009
	Calculated final value: 0.4753404985207842
Running model "Mujoco" with parameters [8.e-12 7.e-12 1.e-11]
	Simulating Two Spheres Colliding Model with dt = 1.0000008000000001e-05, solver reference = 0.020000000007 and solver impedance = 0.00100000001
	Calculated final value: 0.47534049852008803
Running model "Mujoco" with parameters [8.e-12 8.e-12 1.e-12]
	Simulating Two Spheres Colliding Model with dt = 1.0000008000000001e-05, solver reference = 0.020000000008 and solver impedance = 0.001000000001
	Calculated final value: 0.47534049852691407
Running model "Mujoco" with parameters [8.e-12 8.e-12 2.e-12]
	Simulating Two Spheres Colliding Model with dt = 1.0000008000000001e-05, solver reference = 0.020000000008 and solver impedance = 0.001000000002
	Calculated final value: 0.47534049852622706
Running model "Mujoco" with parameters [8.e-12 8.e-12 3.e-12]
	Simulating Two Spheres Colliding Model with dt = 1.0000008000000001e-05, solver reference = 0.020000000008 and solver impedance = 0.001000000003
	Calculated final value: 0.47534049852552884
Running model "Mujoco" with parameters [8.e-12 8.e-12 4.e-12]
	Simulating Two Spheres Colliding Model with dt = 1.0000008000000001e-05, solver reference = 0.020000000008 and solver impedance = 0.001000000004
	Calculated final value: 0.4753404985248412
Running model "Mujoco" with parameters [8.e-12 8.e-12 5.e-12]
	Simulating Two Spheres Colliding Model with dt = 1.0000008000000001e-05, solver reference = 0.020000000008 and solver impedance = 0.001000000005
	Calculated final value: 0.47534049852415305
Running model "Mujoco" with parameters [8.e-12 8.e-12 6.e-12]
	Simulating Two Spheres Colliding Model with dt = 1.0000008000000001e-05, solver reference = 0.020000000008 and solver impedance = 0.001000000006
	Calculated final value: 0.4753404985234605
Running model "Mujoco" with parameters [8.e-12 8.e-12 7.e-12]
	Simulating Two Spheres Colliding Model with dt = 1.0000008000000001e-05, solver reference = 0.020000000008 and solver impedance = 0.001000000007
	Calculated final value: 0.47534049852277016
Running model "Mujoco" with parameters [8.e-12 8.e-12 8.e-12]
	Simulating Two Spheres Colliding Model with dt = 1.0000008000000001e-05, solver reference = 0.020000000008 and solver impedance = 0.001000000008
	Calculated final value: 0.4753404985220774
Running model "Mujoco" with parameters [8.e-12 8.e-12 9.e-12]
	Simulating Two Spheres Colliding Model with dt = 1.0000008000000001e-05, solver reference = 0.020000000008 and solver impedance = 0.001000000009
	Calculated final value: 0.4753404985213967
Running model "Mujoco" with parameters [8.e-12 8.e-12 1.e-11]
	Simulating Two Spheres Colliding Model with dt = 1.0000008000000001e-05, solver reference = 0.020000000008 and solver impedance = 0.00100000001
	Calculated final value: 0.47534049852070615
Running model "Mujoco" with parameters [8.e-12 9.e-12 1.e-12]
	Simulating Two Spheres Colliding Model with dt = 1.0000008000000001e-05, solver reference = 0.020000000009 and solver impedance = 0.001000000001
	Calculated final value: 0.4753404985275266
Running model "Mujoco" with parameters [8.e-12 9.e-12 2.e-12]
	Simulating Two Spheres Colliding Model with dt = 1.0000008000000001e-05, solver reference = 0.020000000009 and solver impedance = 0.001000000002
	Calculated final value: 0.4753404985268414
Running model "Mujoco" with parameters [8.e-12 9.e-12 3.e-12]
	Simulating Two Spheres Colliding Model with dt = 1.0000008000000001e-05, solver reference = 0.020000000009 and solver impedance = 0.001000000003
	Calculated final value: 0.4753404985261542
Running model "Mujoco" with parameters [8.e-12 9.e-12 4.e-12]
	Simulating Two Spheres Colliding Model with dt = 1.0000008000000001e-05, solver reference = 0.020000000009 and solver impedance = 0.001000000004
	Calculated final value: 0.47534049852545873
Running model "Mujoco" with parameters [8.e-12 9.e-12 5.e-12]
	Simulating Two Spheres Colliding Model with dt = 1.0000008000000001e-05, solver reference = 0.020000000009 and solver impedance = 0.001000000005
	Calculated final value: 0.4753404985247658
Running model "Mujoco" with parameters [8.e-12 9.e-12 6.e-12]
	Simulating Two Spheres Colliding Model with dt = 1.0000008000000001e-05, solver reference = 0.020000000009 and solver impedance = 0.001000000006
	Calculated final value: 0.4753404985240787
Running model "Mujoco" with parameters [8.e-12 9.e-12 7.e-12]
	Simulating Two Spheres Colliding Model with dt = 1.0000008000000001e-05, solver reference = 0.020000000009 and solver impedance = 0.001000000007
	Calculated final value: 0.475340498523394
Running model "Mujoco" with parameters [8.e-12 9.e-12 8.e-12]
	Simulating Two Spheres Colliding Model with dt = 1.0000008000000001e-05, solver reference = 0.020000000009 and solver impedance = 0.001000000008
	Calculated final value: 0.4753404985226969
Running model "Mujoco" with parameters [8.e-12 9.e-12 9.e-12]
	Simulating Two Spheres Colliding Model with dt = 1.0000008000000001e-05, solver reference = 0.020000000009 and solver impedance = 0.001000000009
	Calculated final value: 0.47534049852201854
Running model "Mujoco" with parameters [8.e-12 9.e-12 1.e-11]
	Simulating Two Spheres Colliding Model with dt = 1.0000008000000001e-05, solver reference = 0.020000000009 and solver impedance = 0.00100000001
	Calculated final value: 0.4753404985213293
Running model "Mujoco" with parameters [8.e-12 1.e-11 1.e-12]
	Simulating Two Spheres Colliding Model with dt = 1.0000008000000001e-05, solver reference = 0.02000000001 and solver impedance = 0.001000000001
	Calculated final value: 0.4753404985281382
Running model "Mujoco" with parameters [8.e-12 1.e-11 2.e-12]
	Simulating Two Spheres Colliding Model with dt = 1.0000008000000001e-05, solver reference = 0.02000000001 and solver impedance = 0.001000000002
	Calculated final value: 0.47534049852745097
Running model "Mujoco" with parameters [8.e-12 1.e-11 3.e-12]
	Simulating Two Spheres Colliding Model with dt = 1.0000008000000001e-05, solver reference = 0.02000000001 and solver impedance = 0.001000000003
	Calculated final value: 0.47534049852676175
Running model "Mujoco" with parameters [8.e-12 1.e-11 4.e-12]
	Simulating Two Spheres Colliding Model with dt = 1.0000008000000001e-05, solver reference = 0.02000000001 and solver impedance = 0.001000000004
	Calculated final value: 0.4753404985260722
Running model "Mujoco" with parameters [8.e-12 1.e-11 5.e-12]
	Simulating Two Spheres Colliding Model with dt = 1.0000008000000001e-05, solver reference = 0.02000000001 and solver impedance = 0.001000000005
	Calculated final value: 0.47534049852539045
Running model "Mujoco" with parameters [8.e-12 1.e-11 6.e-12]
	Simulating Two Spheres Colliding Model with dt = 1.0000008000000001e-05, solver reference = 0.02000000001 and solver impedance = 0.001000000006
	Calculated final value: 0.47534049852469906
Running model "Mujoco" with parameters [8.e-12 1.e-11 7.e-12]
	Simulating Two Spheres Colliding Model with dt = 1.0000008000000001e-05, solver reference = 0.02000000001 and solver impedance = 0.001000000007
	Calculated final value: 0.47534049852401183
Running model "Mujoco" with parameters [8.e-12 1.e-11 8.e-12]
	Simulating Two Spheres Colliding Model with dt = 1.0000008000000001e-05, solver reference = 0.02000000001 and solver impedance = 0.001000000008
	Calculated final value: 0.4753404985233213
Running model "Mujoco" with parameters [8.e-12 1.e-11 9.e-12]
	Simulating Two Spheres Colliding Model with dt = 1.0000008000000001e-05, solver reference = 0.02000000001 and solver impedance = 0.001000000009
	Calculated final value: 0.47534049852263643
Running model "Mujoco" with parameters [8.e-12 1.e-11 1.e-11]
	Simulating Two Spheres Colliding Model with dt = 1.0000008000000001e-05, solver reference = 0.02000000001 and solver impedance = 0.00100000001
	Calculated final value: 0.4753404985219423
Running model "Mujoco" with parameters [9.e-12 1.e-12 1.e-12]
	Simulating Two Spheres Colliding Model with dt = 1.0000009e-05, solver reference = 0.020000000001 and solver impedance = 0.001000000001
	Calculated final value: 0.47534046750424597
Running model "Mujoco" with parameters [9.e-12 1.e-12 2.e-12]
	Simulating Two Spheres Colliding Model with dt = 1.0000009e-05, solver reference = 0.020000000001 and solver impedance = 0.001000000002
	Calculated final value: 0.4753404675035655
Running model "Mujoco" with parameters [9.e-12 1.e-12 3.e-12]
	Simulating Two Spheres Colliding Model with dt = 1.0000009e-05, solver reference = 0.020000000001 and solver impedance = 0.001000000003
	Calculated final value: 0.47534046750287917
Running model "Mujoco" with parameters [9.e-12 1.e-12 4.e-12]
	Simulating Two Spheres Colliding Model with dt = 1.0000009e-05, solver reference = 0.020000000001 and solver impedance = 0.001000000004
	Calculated final value: 0.47534046750219505
Running model "Mujoco" with parameters [9.e-12 1.e-12 5.e-12]
	Simulating Two Spheres Colliding Model with dt = 1.0000009e-05, solver reference = 0.020000000001 and solver impedance = 0.001000000005
	Calculated final value: 0.47534046750150905
Running model "Mujoco" with parameters [9.e-12 1.e-12 6.e-12]
	Simulating Two Spheres Colliding Model with dt = 1.0000009e-05, solver reference = 0.020000000001 and solver impedance = 0.001000000006
	Calculated final value: 0.4753404675008231
Running model "Mujoco" with parameters [9.e-12 1.e-12 7.e-12]
	Simulating Two Spheres Colliding Model with dt = 1.0000009e-05, solver reference = 0.020000000001 and solver impedance = 0.001000000007
	Calculated final value: 0.4753404675001361
Running model "Mujoco" with parameters [9.e-12 1.e-12 8.e-12]
	Simulating Two Spheres Colliding Model with dt = 1.0000009e-05, solver reference = 0.020000000001 and solver impedance = 0.001000000008
	Calculated final value: 0.47534046749945036
Running model "Mujoco" with parameters [9.e-12 1.e-12 9.e-12]
	Simulating Two Spheres Colliding Model with dt = 1.0000009e-05, solver reference = 0.020000000001 and solver impedance = 0.001000000009
	Calculated final value: 0.4753404674987593
Running model "Mujoco" with parameters [9.e-12 1.e-12 1.e-11]
	Simulating Two Spheres Colliding Model with dt = 1.0000009e-05, solver reference = 0.020000000001 and solver impedance = 0.00100000001
	Calculated final value: 0.47534046749806724
Running model "Mujoco" with parameters [9.e-12 2.e-12 1.e-12]
	Simulating Two Spheres Colliding Model with dt = 1.0000009e-05, solver reference = 0.020000000002 and solver impedance = 0.001000000001
	Calculated final value: 0.4753404675048633
Running model "Mujoco" with parameters [9.e-12 2.e-12 2.e-12]
	Simulating Two Spheres Colliding Model with dt = 1.0000009e-05, solver reference = 0.020000000002 and solver impedance = 0.001000000002
	Calculated final value: 0.4753404675041764
Running model "Mujoco" with parameters [9.e-12 2.e-12 3.e-12]
	Simulating Two Spheres Colliding Model with dt = 1.0000009e-05, solver reference = 0.020000000002 and solver impedance = 0.001000000003
	Calculated final value: 0.47534046750349157
Running model "Mujoco" with parameters [9.e-12 2.e-12 4.e-12]
	Simulating Two Spheres Colliding Model with dt = 1.0000009e-05, solver reference = 0.020000000002 and solver impedance = 0.001000000004
	Calculated final value: 0.47534046750281045
Running model "Mujoco" with parameters [9.e-12 2.e-12 5.e-12]
	Simulating Two Spheres Colliding Model with dt = 1.0000009e-05, solver reference = 0.020000000002 and solver impedance = 0.001000000005
	Calculated final value: 0.47534046750211756
Running model "Mujoco" with parameters [9.e-12 2.e-12 6.e-12]
	Simulating Two Spheres Colliding Model with dt = 1.0000009e-05, solver reference = 0.020000000002 and solver impedance = 0.001000000006
	Calculated final value: 0.4753404675014312
Running model "Mujoco" with parameters [9.e-12 2.e-12 7.e-12]
	Simulating Two Spheres Colliding Model with dt = 1.0000009e-05, solver reference = 0.020000000002 and solver impedance = 0.001000000007
	Calculated final value: 0.47534046750075076
Running model "Mujoco" with parameters [9.e-12 2.e-12 8.e-12]
	Simulating Two Spheres Colliding Model with dt = 1.0000009e-05, solver reference = 0.020000000002 and solver impedance = 0.001000000008
	Calculated final value: 0.4753404675000615
Running model "Mujoco" with parameters [9.e-12 2.e-12 9.e-12]
	Simulating Two Spheres Colliding Model with dt = 1.0000009e-05, solver reference = 0.020000000002 and solver impedance = 0.001000000009
	Calculated final value: 0.4753404674993714
Running model "Mujoco" with parameters [9.e-12 2.e-12 1.e-11]
	Simulating Two Spheres Colliding Model with dt = 1.0000009e-05, solver reference = 0.020000000002 and solver impedance = 0.00100000001
	Calculated final value: 0.4753404674986828
Running model "Mujoco" with parameters [9.e-12 3.e-12 1.e-12]
	Simulating Two Spheres Colliding Model with dt = 1.0000009e-05, solver reference = 0.020000000003 and solver impedance = 0.001000000001
	Calculated final value: 0.47534046750548786
Running model "Mujoco" with parameters [9.e-12 3.e-12 2.e-12]
	Simulating Two Spheres Colliding Model with dt = 1.0000009e-05, solver reference = 0.020000000003 and solver impedance = 0.001000000002
	Calculated final value: 0.4753404675047878
Running model "Mujoco" with parameters [9.e-12 3.e-12 3.e-12]
	Simulating Two Spheres Colliding Model with dt = 1.0000009e-05, solver reference = 0.020000000003 and solver impedance = 0.001000000003
	Calculated final value: 0.47534046750410786
Running model "Mujoco" with parameters [9.e-12 3.e-12 4.e-12]
	Simulating Two Spheres Colliding Model with dt = 1.0000009e-05, solver reference = 0.020000000003 and solver impedance = 0.001000000004
	Calculated final value: 0.4753404675034212
Running model "Mujoco" with parameters [9.e-12 3.e-12 5.e-12]
	Simulating Two Spheres Colliding Model with dt = 1.0000009e-05, solver reference = 0.020000000003 and solver impedance = 0.001000000005
	Calculated final value: 0.4753404675027302
Running model "Mujoco" with parameters [9.e-12 3.e-12 6.e-12]
	Simulating Two Spheres Colliding Model with dt = 1.0000009e-05, solver reference = 0.020000000003 and solver impedance = 0.001000000006
	Calculated final value: 0.4753404675020507
Running model "Mujoco" with parameters [9.e-12 3.e-12 7.e-12]
	Simulating Two Spheres Colliding Model with dt = 1.0000009e-05, solver reference = 0.020000000003 and solver impedance = 0.001000000007
	Calculated final value: 0.47534046750135983
Running model "Mujoco" with parameters [9.e-12 3.e-12 8.e-12]
	Simulating Two Spheres Colliding Model with dt = 1.0000009e-05, solver reference = 0.020000000003 and solver impedance = 0.001000000008
	Calculated final value: 0.4753404675006655
Running model "Mujoco" with parameters [9.e-12 3.e-12 9.e-12]
	Simulating Two Spheres Colliding Model with dt = 1.0000009e-05, solver reference = 0.020000000003 and solver impedance = 0.001000000009
	Calculated final value: 0.4753404674999864
Running model "Mujoco" with parameters [9.e-12 3.e-12 1.e-11]
	Simulating Two Spheres Colliding Model with dt = 1.0000009e-05, solver reference = 0.020000000003 and solver impedance = 0.00100000001
	Calculated final value: 0.4753404674992975
Running model "Mujoco" with parameters [9.e-12 4.e-12 1.e-12]
	Simulating Two Spheres Colliding Model with dt = 1.0000009e-05, solver reference = 0.020000000004000002 and solver impedance = 0.001000000001
	Calculated final value: 0.47534046750610315
Running model "Mujoco" with parameters [9.e-12 4.e-12 2.e-12]
	Simulating Two Spheres Colliding Model with dt = 1.0000009e-05, solver reference = 0.020000000004000002 and solver impedance = 0.001000000002
	Calculated final value: 0.47534046750541087
Running model "Mujoco" with parameters [9.e-12 4.e-12 3.e-12]
	Simulating Two Spheres Colliding Model with dt = 1.0000009e-05, solver reference = 0.020000000004000002 and solver impedance = 0.001000000003
	Calculated final value: 0.47534046750471687
Running model "Mujoco" with parameters [9.e-12 4.e-12 4.e-12]
	Simulating Two Spheres Colliding Model with dt = 1.0000009e-05, solver reference = 0.020000000004000002 and solver impedance = 0.001000000004
	Calculated final value: 0.47534046750403963
Running model "Mujoco" with parameters [9.e-12 4.e-12 5.e-12]
	Simulating Two Spheres Colliding Model with dt = 1.0000009e-05, solver reference = 0.020000000004000002 and solver impedance = 0.001000000005
	Calculated final value: 0.47534046750335524
Running model "Mujoco" with parameters [9.e-12 4.e-12 6.e-12]
	Simulating Two Spheres Colliding Model with dt = 1.0000009e-05, solver reference = 0.020000000004000002 and solver impedance = 0.001000000006
	Calculated final value: 0.47534046750266207
Running model "Mujoco" with parameters [9.e-12 4.e-12 7.e-12]
	Simulating Two Spheres Colliding Model with dt = 1.0000009e-05, solver reference = 0.020000000004000002 and solver impedance = 0.001000000007
	Calculated final value: 0.47534046750198755
Running model "Mujoco" with parameters [9.e-12 4.e-12 8.e-12]
	Simulating Two Spheres Colliding Model with dt = 1.0000009e-05, solver reference = 0.020000000004000002 and solver impedance = 0.001000000008
	Calculated final value: 0.4753404675012973
Running model "Mujoco" with parameters [9.e-12 4.e-12 9.e-12]
	Simulating Two Spheres Colliding Model with dt = 1.0000009e-05, solver reference = 0.020000000004000002 and solver impedance = 0.001000000009
	Calculated final value: 0.47534046750059644
Running model "Mujoco" with parameters [9.e-12 4.e-12 1.e-11]
	Simulating Two Spheres Colliding Model with dt = 1.0000009e-05, solver reference = 0.020000000004000002 and solver impedance = 0.00100000001
	Calculated final value: 0.4753404674999093
Running model "Mujoco" with parameters [9.e-12 5.e-12 1.e-12]
	Simulating Two Spheres Colliding Model with dt = 1.0000009e-05, solver reference = 0.020000000005 and solver impedance = 0.001000000001
	Calculated final value: 0.47534046750672176
Running model "Mujoco" with parameters [9.e-12 5.e-12 2.e-12]
	Simulating Two Spheres Colliding Model with dt = 1.0000009e-05, solver reference = 0.020000000005 and solver impedance = 0.001000000002
	Calculated final value: 0.4753404675060241
Running model "Mujoco" with parameters [9.e-12 5.e-12 3.e-12]
	Simulating Two Spheres Colliding Model with dt = 1.0000009e-05, solver reference = 0.020000000005 and solver impedance = 0.001000000003
	Calculated final value: 0.4753404675053387
Running model "Mujoco" with parameters [9.e-12 5.e-12 4.e-12]
	Simulating Two Spheres Colliding Model with dt = 1.0000009e-05, solver reference = 0.020000000005 and solver impedance = 0.001000000004
	Calculated final value: 0.47534046750466075
Running model "Mujoco" with parameters [9.e-12 5.e-12 5.e-12]
	Simulating Two Spheres Colliding Model with dt = 1.0000009e-05, solver reference = 0.020000000005 and solver impedance = 0.001000000005
	Calculated final value: 0.4753404675039634
Running model "Mujoco" with parameters [9.e-12 5.e-12 6.e-12]
	Simulating Two Spheres Colliding Model with dt = 1.0000009e-05, solver reference = 0.020000000005 and solver impedance = 0.001000000006
	Calculated final value: 0.4753404675032714
Running model "Mujoco" with parameters [9.e-12 5.e-12 7.e-12]
	Simulating Two Spheres Colliding Model with dt = 1.0000009e-05, solver reference = 0.020000000005 and solver impedance = 0.001000000007
	Calculated final value: 0.4753404675025886
Running model "Mujoco" with parameters [9.e-12 5.e-12 8.e-12]
	Simulating Two Spheres Colliding Model with dt = 1.0000009e-05, solver reference = 0.020000000005 and solver impedance = 0.001000000008
	Calculated final value: 0.4753404675019058
Running model "Mujoco" with parameters [9.e-12 5.e-12 9.e-12]
	Simulating Two Spheres Colliding Model with dt = 1.0000009e-05, solver reference = 0.020000000005 and solver impedance = 0.001000000009
	Calculated final value: 0.47534046750122594
Running model "Mujoco" with parameters [9.e-12 5.e-12 1.e-11]
	Simulating Two Spheres Colliding Model with dt = 1.0000009e-05, solver reference = 0.020000000005 and solver impedance = 0.00100000001
	Calculated final value: 0.4753404675005387
Running model "Mujoco" with parameters [9.e-12 6.e-12 1.e-12]
	Simulating Two Spheres Colliding Model with dt = 1.0000009e-05, solver reference = 0.020000000006 and solver impedance = 0.001000000001
	Calculated final value: 0.47534046750733294
Running model "Mujoco" with parameters [9.e-12 6.e-12 2.e-12]
	Simulating Two Spheres Colliding Model with dt = 1.0000009e-05, solver reference = 0.020000000006 and solver impedance = 0.001000000002
	Calculated final value: 0.4753404675066437
Running model "Mujoco" with parameters [9.e-12 6.e-12 3.e-12]
	Simulating Two Spheres Colliding Model with dt = 1.0000009e-05, solver reference = 0.020000000006 and solver impedance = 0.001000000003
	Calculated final value: 0.47534046750596204
Running model "Mujoco" with parameters [9.e-12 6.e-12 4.e-12]
	Simulating Two Spheres Colliding Model with dt = 1.0000009e-05, solver reference = 0.020000000006 and solver impedance = 0.001000000004
	Calculated final value: 0.4753404675052762
Running model "Mujoco" with parameters [9.e-12 6.e-12 5.e-12]
	Simulating Two Spheres Colliding Model with dt = 1.0000009e-05, solver reference = 0.020000000006 and solver impedance = 0.001000000005
	Calculated final value: 0.47534046750459635
Running model "Mujoco" with parameters [9.e-12 6.e-12 6.e-12]
	Simulating Two Spheres Colliding Model with dt = 1.0000009e-05, solver reference = 0.020000000006 and solver impedance = 0.001000000006
	Calculated final value: 0.4753404675039028
Running model "Mujoco" with parameters [9.e-12 6.e-12 7.e-12]
	Simulating Two Spheres Colliding Model with dt = 1.0000009e-05, solver reference = 0.020000000006 and solver impedance = 0.001000000007
	Calculated final value: 0.4753404675032103
Running model "Mujoco" with parameters [9.e-12 6.e-12 8.e-12]
	Simulating Two Spheres Colliding Model with dt = 1.0000009e-05, solver reference = 0.020000000006 and solver impedance = 0.001000000008
	Calculated final value: 0.4753404675025143
Running model "Mujoco" with parameters [9.e-12 6.e-12 9.e-12]
	Simulating Two Spheres Colliding Model with dt = 1.0000009e-05, solver reference = 0.020000000006 and solver impedance = 0.001000000009
	Calculated final value: 0.4753404675018302
Running model "Mujoco" with parameters [9.e-12 6.e-12 1.e-11]
	Simulating Two Spheres Colliding Model with dt = 1.0000009e-05, solver reference = 0.020000000006 and solver impedance = 0.00100000001
	Calculated final value: 0.47534046750114356
Running model "Mujoco" with parameters [9.e-12 7.e-12 1.e-12]
	Simulating Two Spheres Colliding Model with dt = 1.0000009e-05, solver reference = 0.020000000007 and solver impedance = 0.001000000001
	Calculated final value: 0.4753404675079498
Running model "Mujoco" with parameters [9.e-12 7.e-12 2.e-12]
	Simulating Two Spheres Colliding Model with dt = 1.0000009e-05, solver reference = 0.020000000007 and solver impedance = 0.001000000002
	Calculated final value: 0.47534046750726133
Running model "Mujoco" with parameters [9.e-12 7.e-12 3.e-12]
	Simulating Two Spheres Colliding Model with dt = 1.0000009e-05, solver reference = 0.020000000007 and solver impedance = 0.001000000003
	Calculated final value: 0.4753404675065628
Running model "Mujoco" with parameters [9.e-12 7.e-12 4.e-12]
	Simulating Two Spheres Colliding Model with dt = 1.0000009e-05, solver reference = 0.020000000007 and solver impedance = 0.001000000004
	Calculated final value: 0.47534046750588826
Running model "Mujoco" with parameters [9.e-12 7.e-12 5.e-12]
	Simulating Two Spheres Colliding Model with dt = 1.0000009e-05, solver reference = 0.020000000007 and solver impedance = 0.001000000005
	Calculated final value: 0.4753404675051953
Running model "Mujoco" with parameters [9.e-12 7.e-12 6.e-12]
	Simulating Two Spheres Colliding Model with dt = 1.0000009e-05, solver reference = 0.020000000007 and solver impedance = 0.001000000006
	Calculated final value: 0.47534046750452297
Running model "Mujoco" with parameters [9.e-12 7.e-12 7.e-12]
	Simulating Two Spheres Colliding Model with dt = 1.0000009e-05, solver reference = 0.020000000007 and solver impedance = 0.001000000007
	Calculated final value: 0.4753404675038324
Running model "Mujoco" with parameters [9.e-12 7.e-12 8.e-12]
	Simulating Two Spheres Colliding Model with dt = 1.0000009e-05, solver reference = 0.020000000007 and solver impedance = 0.001000000008
	Calculated final value: 0.47534046750314185
Running model "Mujoco" with parameters [9.e-12 7.e-12 9.e-12]
	Simulating Two Spheres Colliding Model with dt = 1.0000009e-05, solver reference = 0.020000000007 and solver impedance = 0.001000000009
	Calculated final value: 0.47534046750245185
Running model "Mujoco" with parameters [9.e-12 7.e-12 1.e-11]
	Simulating Two Spheres Colliding Model with dt = 1.0000009e-05, solver reference = 0.020000000007 and solver impedance = 0.00100000001
	Calculated final value: 0.4753404675017681
Running model "Mujoco" with parameters [9.e-12 8.e-12 1.e-12]
	Simulating Two Spheres Colliding Model with dt = 1.0000009e-05, solver reference = 0.020000000008 and solver impedance = 0.001000000001
	Calculated final value: 0.4753404675085763
Running model "Mujoco" with parameters [9.e-12 8.e-12 2.e-12]
	Simulating Two Spheres Colliding Model with dt = 1.0000009e-05, solver reference = 0.020000000008 and solver impedance = 0.001000000002
	Calculated final value: 0.4753404675078895
Running model "Mujoco" with parameters [9.e-12 8.e-12 3.e-12]
	Simulating Two Spheres Colliding Model with dt = 1.0000009e-05, solver reference = 0.020000000008 and solver impedance = 0.001000000003
	Calculated final value: 0.475340467507195
Running model "Mujoco" with parameters [9.e-12 8.e-12 4.e-12]
	Simulating Two Spheres Colliding Model with dt = 1.0000009e-05, solver reference = 0.020000000008 and solver impedance = 0.001000000004
	Calculated final value: 0.47534046750649916
Running model "Mujoco" with parameters [9.e-12 8.e-12 5.e-12]
	Simulating Two Spheres Colliding Model with dt = 1.0000009e-05, solver reference = 0.020000000008 and solver impedance = 0.001000000005
	Calculated final value: 0.47534046750581466
Running model "Mujoco" with parameters [9.e-12 8.e-12 6.e-12]
	Simulating Two Spheres Colliding Model with dt = 1.0000009e-05, solver reference = 0.020000000008 and solver impedance = 0.001000000006
	Calculated final value: 0.47534046750513137
Running model "Mujoco" with parameters [9.e-12 8.e-12 7.e-12]
	Simulating Two Spheres Colliding Model with dt = 1.0000009e-05, solver reference = 0.020000000008 and solver impedance = 0.001000000007
	Calculated final value: 0.47534046750444836
Running model "Mujoco" with parameters [9.e-12 8.e-12 8.e-12]
	Simulating Two Spheres Colliding Model with dt = 1.0000009e-05, solver reference = 0.020000000008 and solver impedance = 0.001000000008
	Calculated final value: 0.47534046750376524
Running model "Mujoco" with parameters [9.e-12 8.e-12 9.e-12]
	Simulating Two Spheres Colliding Model with dt = 1.0000009e-05, solver reference = 0.020000000008 and solver impedance = 0.001000000009
	Calculated final value: 0.47534046750308495
Running model "Mujoco" with parameters [9.e-12 8.e-12 1.e-11]
	Simulating Two Spheres Colliding Model with dt = 1.0000009e-05, solver reference = 0.020000000008 and solver impedance = 0.00100000001
	Calculated final value: 0.4753404675023891
Running model "Mujoco" with parameters [9.e-12 9.e-12 1.e-12]
	Simulating Two Spheres Colliding Model with dt = 1.0000009e-05, solver reference = 0.020000000009 and solver impedance = 0.001000000001
	Calculated final value: 0.475340467509192
Running model "Mujoco" with parameters [9.e-12 9.e-12 2.e-12]
	Simulating Two Spheres Colliding Model with dt = 1.0000009e-05, solver reference = 0.020000000009 and solver impedance = 0.001000000002
	Calculated final value: 0.47534046750850234
Running model "Mujoco" with parameters [9.e-12 9.e-12 3.e-12]
	Simulating Two Spheres Colliding Model with dt = 1.0000009e-05, solver reference = 0.020000000009 and solver impedance = 0.001000000003
	Calculated final value: 0.475340467507815
Running model "Mujoco" with parameters [9.e-12 9.e-12 4.e-12]
	Simulating Two Spheres Colliding Model with dt = 1.0000009e-05, solver reference = 0.020000000009 and solver impedance = 0.001000000004
	Calculated final value: 0.47534046750712716
Running model "Mujoco" with parameters [9.e-12 9.e-12 5.e-12]
	Simulating Two Spheres Colliding Model with dt = 1.0000009e-05, solver reference = 0.020000000009 and solver impedance = 0.001000000005
	Calculated final value: 0.47534046750643577
Running model "Mujoco" with parameters [9.e-12 9.e-12 6.e-12]
	Simulating Two Spheres Colliding Model with dt = 1.0000009e-05, solver reference = 0.020000000009 and solver impedance = 0.001000000006
	Calculated final value: 0.4753404675057472
Running model "Mujoco" with parameters [9.e-12 9.e-12 7.e-12]
	Simulating Two Spheres Colliding Model with dt = 1.0000009e-05, solver reference = 0.020000000009 and solver impedance = 0.001000000007
	Calculated final value: 0.47534046750506453
Running model "Mujoco" with parameters [9.e-12 9.e-12 8.e-12]
	Simulating Two Spheres Colliding Model with dt = 1.0000009e-05, solver reference = 0.020000000009 and solver impedance = 0.001000000008
	Calculated final value: 0.47534046750438674
Running model "Mujoco" with parameters [9.e-12 9.e-12 9.e-12]
	Simulating Two Spheres Colliding Model with dt = 1.0000009e-05, solver reference = 0.020000000009 and solver impedance = 0.001000000009
	Calculated final value: 0.4753404675036973
Running model "Mujoco" with parameters [9.e-12 9.e-12 1.e-11]
	Simulating Two Spheres Colliding Model with dt = 1.0000009e-05, solver reference = 0.020000000009 and solver impedance = 0.00100000001
	Calculated final value: 0.47534046750300246
Running model "Mujoco" with parameters [9.e-12 1.e-11 1.e-12]
	Simulating Two Spheres Colliding Model with dt = 1.0000009e-05, solver reference = 0.02000000001 and solver impedance = 0.001000000001
	Calculated final value: 0.47534046750982145
Running model "Mujoco" with parameters [9.e-12 1.e-11 2.e-12]
	Simulating Two Spheres Colliding Model with dt = 1.0000009e-05, solver reference = 0.02000000001 and solver impedance = 0.001000000002
	Calculated final value: 0.47534046750913345
Running model "Mujoco" with parameters [9.e-12 1.e-11 3.e-12]
	Simulating Two Spheres Colliding Model with dt = 1.0000009e-05, solver reference = 0.02000000001 and solver impedance = 0.001000000003
	Calculated final value: 0.4753404675084464
Running model "Mujoco" with parameters [9.e-12 1.e-11 4.e-12]
	Simulating Two Spheres Colliding Model with dt = 1.0000009e-05, solver reference = 0.02000000001 and solver impedance = 0.001000000004
	Calculated final value: 0.475340467507749
Running model "Mujoco" with parameters [9.e-12 1.e-11 5.e-12]
	Simulating Two Spheres Colliding Model with dt = 1.0000009e-05, solver reference = 0.02000000001 and solver impedance = 0.001000000005
	Calculated final value: 0.4753404675070592
Running model "Mujoco" with parameters [9.e-12 1.e-11 6.e-12]
	Simulating Two Spheres Colliding Model with dt = 1.0000009e-05, solver reference = 0.02000000001 and solver impedance = 0.001000000006
	Calculated final value: 0.47534046750636866
Running model "Mujoco" with parameters [9.e-12 1.e-11 7.e-12]
	Simulating Two Spheres Colliding Model with dt = 1.0000009e-05, solver reference = 0.02000000001 and solver impedance = 0.001000000007
	Calculated final value: 0.47534046750568026
Running model "Mujoco" with parameters [9.e-12 1.e-11 8.e-12]
	Simulating Two Spheres Colliding Model with dt = 1.0000009e-05, solver reference = 0.02000000001 and solver impedance = 0.001000000008
	Calculated final value: 0.4753404675050006
Running model "Mujoco" with parameters [9.e-12 1.e-11 9.e-12]
	Simulating Two Spheres Colliding Model with dt = 1.0000009e-05, solver reference = 0.02000000001 and solver impedance = 0.001000000009
	Calculated final value: 0.47534046750431275
Running model "Mujoco" with parameters [9.e-12 1.e-11 1.e-11]
	Simulating Two Spheres Colliding Model with dt = 1.0000009e-05, solver reference = 0.02000000001 and solver impedance = 0.00100000001
	Calculated final value: 0.4753404675036343
Running model "Mujoco" with parameters [1.e-11 1.e-12 1.e-12]
	Simulating Two Spheres Colliding Model with dt = 1.0000010000000002e-05, solver reference = 0.020000000001 and solver impedance = 0.001000000001
	Calculated final value: 0.4753404364859344
Running model "Mujoco" with parameters [1.e-11 1.e-12 2.e-12]
	Simulating Two Spheres Colliding Model with dt = 1.0000010000000002e-05, solver reference = 0.020000000001 and solver impedance = 0.001000000002
	Calculated final value: 0.475340436485242
Running model "Mujoco" with parameters [1.e-11 1.e-12 3.e-12]
	Simulating Two Spheres Colliding Model with dt = 1.0000010000000002e-05, solver reference = 0.020000000001 and solver impedance = 0.001000000003
	Calculated final value: 0.47534043648455576
Running model "Mujoco" with parameters [1.e-11 1.e-12 4.e-12]
	Simulating Two Spheres Colliding Model with dt = 1.0000010000000002e-05, solver reference = 0.020000000001 and solver impedance = 0.001000000004
	Calculated final value: 0.4753404364838721
Running model "Mujoco" with parameters [1.e-11 1.e-12 5.e-12]
	Simulating Two Spheres Colliding Model with dt = 1.0000010000000002e-05, solver reference = 0.020000000001 and solver impedance = 0.001000000005
	Calculated final value: 0.47534043648319646
Running model "Mujoco" with parameters [1.e-11 1.e-12 6.e-12]
	Simulating Two Spheres Colliding Model with dt = 1.0000010000000002e-05, solver reference = 0.020000000001 and solver impedance = 0.001000000006
	Calculated final value: 0.4753404364825084
Running model "Mujoco" with parameters [1.e-11 1.e-12 7.e-12]
	Simulating Two Spheres Colliding Model with dt = 1.0000010000000002e-05, solver reference = 0.020000000001 and solver impedance = 0.001000000007
	Calculated final value: 0.4753404364818233
Running model "Mujoco" with parameters [1.e-11 1.e-12 8.e-12]
	Simulating Two Spheres Colliding Model with dt = 1.0000010000000002e-05, solver reference = 0.020000000001 and solver impedance = 0.001000000008
	Calculated final value: 0.47534043648113034
Running model "Mujoco" with parameters [1.e-11 1.e-12 9.e-12]
	Simulating Two Spheres Colliding Model with dt = 1.0000010000000002e-05, solver reference = 0.020000000001 and solver impedance = 0.001000000009
	Calculated final value: 0.47534043648043856
Running model "Mujoco" with parameters [1.e-11 1.e-12 1.e-11]
	Simulating Two Spheres Colliding Model with dt = 1.0000010000000002e-05, solver reference = 0.020000000001 and solver impedance = 0.00100000001
	Calculated final value: 0.4753404364797545
Running model "Mujoco" with parameters [1.e-11 2.e-12 1.e-12]
	Simulating Two Spheres Colliding Model with dt = 1.0000010000000002e-05, solver reference = 0.020000000002 and solver impedance = 0.001000000001
	Calculated final value: 0.4753404364865645
Running model "Mujoco" with parameters [1.e-11 2.e-12 2.e-12]
	Simulating Two Spheres Colliding Model with dt = 1.0000010000000002e-05, solver reference = 0.020000000002 and solver impedance = 0.001000000002
	Calculated final value: 0.47534043648587426
Running model "Mujoco" with parameters [1.e-11 2.e-12 3.e-12]
	Simulating Two Spheres Colliding Model with dt = 1.0000010000000002e-05, solver reference = 0.020000000002 and solver impedance = 0.001000000003
	Calculated final value: 0.4753404364851768
Running model "Mujoco" with parameters [1.e-11 2.e-12 4.e-12]
	Simulating Two Spheres Colliding Model with dt = 1.0000010000000002e-05, solver reference = 0.020000000002 and solver impedance = 0.001000000004
	Calculated final value: 0.4753404364844937
Running model "Mujoco" with parameters [1.e-11 2.e-12 5.e-12]
	Simulating Two Spheres Colliding Model with dt = 1.0000010000000002e-05, solver reference = 0.020000000002 and solver impedance = 0.001000000005
	Calculated final value: 0.47534043648381014
Running model "Mujoco" with parameters [1.e-11 2.e-12 6.e-12]
	Simulating Two Spheres Colliding Model with dt = 1.0000010000000002e-05, solver reference = 0.020000000002 and solver impedance = 0.001000000006
	Calculated final value: 0.475340436483128
Running model "Mujoco" with parameters [1.e-11 2.e-12 7.e-12]
	Simulating Two Spheres Colliding Model with dt = 1.0000010000000002e-05, solver reference = 0.020000000002 and solver impedance = 0.001000000007
	Calculated final value: 0.47534043648244134
Running model "Mujoco" with parameters [1.e-11 2.e-12 8.e-12]
	Simulating Two Spheres Colliding Model with dt = 1.0000010000000002e-05, solver reference = 0.020000000002 and solver impedance = 0.001000000008
	Calculated final value: 0.475340436481764
Running model "Mujoco" with parameters [1.e-11 2.e-12 9.e-12]
	Simulating Two Spheres Colliding Model with dt = 1.0000010000000002e-05, solver reference = 0.020000000002 and solver impedance = 0.001000000009
	Calculated final value: 0.4753404364810718
Running model "Mujoco" with parameters [1.e-11 2.e-12 1.e-11]
	Simulating Two Spheres Colliding Model with dt = 1.0000010000000002e-05, solver reference = 0.020000000002 and solver impedance = 0.00100000001
	Calculated final value: 0.4753404364803736
Running model "Mujoco" with parameters [1.e-11 3.e-12 1.e-12]
	Simulating Two Spheres Colliding Model with dt = 1.0000010000000002e-05, solver reference = 0.020000000003 and solver impedance = 0.001000000001
	Calculated final value: 0.47534043648717417
Running model "Mujoco" with parameters [1.e-11 3.e-12 2.e-12]
	Simulating Two Spheres Colliding Model with dt = 1.0000010000000002e-05, solver reference = 0.020000000003 and solver impedance = 0.001000000002
	Calculated final value: 0.47534043648648155
Running model "Mujoco" with parameters [1.e-11 3.e-12 3.e-12]
	Simulating Two Spheres Colliding Model with dt = 1.0000010000000002e-05, solver reference = 0.020000000003 and solver impedance = 0.001000000003
	Calculated final value: 0.4753404364857983
Running model "Mujoco" with parameters [1.e-11 3.e-12 4.e-12]
	Simulating Two Spheres Colliding Model with dt = 1.0000010000000002e-05, solver reference = 0.020000000003 and solver impedance = 0.001000000004
	Calculated final value: 0.4753404364851114
Running model "Mujoco" with parameters [1.e-11 3.e-12 5.e-12]
	Simulating Two Spheres Colliding Model with dt = 1.0000010000000002e-05, solver reference = 0.020000000003 and solver impedance = 0.001000000005
	Calculated final value: 0.47534043648443114
Running model "Mujoco" with parameters [1.e-11 3.e-12 6.e-12]
	Simulating Two Spheres Colliding Model with dt = 1.0000010000000002e-05, solver reference = 0.020000000003 and solver impedance = 0.001000000006
	Calculated final value: 0.475340436483745
Running model "Mujoco" with parameters [1.e-11 3.e-12 7.e-12]
	Simulating Two Spheres Colliding Model with dt = 1.0000010000000002e-05, solver reference = 0.020000000003 and solver impedance = 0.001000000007
	Calculated final value: 0.47534043648307084
Running model "Mujoco" with parameters [1.e-11 3.e-12 8.e-12]
	Simulating Two Spheres Colliding Model with dt = 1.0000010000000002e-05, solver reference = 0.020000000003 and solver impedance = 0.001000000008
	Calculated final value: 0.47534043648238755
Running model "Mujoco" with parameters [1.e-11 3.e-12 9.e-12]
	Simulating Two Spheres Colliding Model with dt = 1.0000010000000002e-05, solver reference = 0.020000000003 and solver impedance = 0.001000000009
	Calculated final value: 0.4753404364816983
Running model "Mujoco" with parameters [1.e-11 3.e-12 1.e-11]
	Simulating Two Spheres Colliding Model with dt = 1.0000010000000002e-05, solver reference = 0.020000000003 and solver impedance = 0.00100000001
	Calculated final value: 0.4753404364810163
Running model "Mujoco" with parameters [1.e-11 4.e-12 1.e-12]
	Simulating Two Spheres Colliding Model with dt = 1.0000010000000002e-05, solver reference = 0.020000000004000002 and solver impedance = 0.001000000001
	Calculated final value: 0.47534043648779023
Running model "Mujoco" with parameters [1.e-11 4.e-12 2.e-12]
	Simulating Two Spheres Colliding Model with dt = 1.0000010000000002e-05, solver reference = 0.020000000004000002 and solver impedance = 0.001000000002
	Calculated final value: 0.4753404364871026
Running model "Mujoco" with parameters [1.e-11 4.e-12 3.e-12]
	Simulating Two Spheres Colliding Model with dt = 1.0000010000000002e-05, solver reference = 0.020000000004000002 and solver impedance = 0.001000000003
	Calculated final value: 0.47534043648641383
Running model "Mujoco" with parameters [1.e-11 4.e-12 4.e-12]
	Simulating Two Spheres Colliding Model with dt = 1.0000010000000002e-05, solver reference = 0.020000000004000002 and solver impedance = 0.001000000004
	Calculated final value: 0.4753404364857266
Running model "Mujoco" with parameters [1.e-11 4.e-12 5.e-12]
	Simulating Two Spheres Colliding Model with dt = 1.0000010000000002e-05, solver reference = 0.020000000004000002 and solver impedance = 0.001000000005
	Calculated final value: 0.4753404364850406
Running model "Mujoco" with parameters [1.e-11 4.e-12 6.e-12]
	Simulating Two Spheres Colliding Model with dt = 1.0000010000000002e-05, solver reference = 0.020000000004000002 and solver impedance = 0.001000000006
	Calculated final value: 0.4753404364843544
Running model "Mujoco" with parameters [1.e-11 4.e-12 7.e-12]
	Simulating Two Spheres Colliding Model with dt = 1.0000010000000002e-05, solver reference = 0.020000000004000002 and solver impedance = 0.001000000007
	Calculated final value: 0.475340436483667
Running model "Mujoco" with parameters [1.e-11 4.e-12 8.e-12]
	Simulating Two Spheres Colliding Model with dt = 1.0000010000000002e-05, solver reference = 0.020000000004000002 and solver impedance = 0.001000000008
	Calculated final value: 0.47534043648298185
Running model "Mujoco" with parameters [1.e-11 4.e-12 9.e-12]
	Simulating Two Spheres Colliding Model with dt = 1.0000010000000002e-05, solver reference = 0.020000000004000002 and solver impedance = 0.001000000009
	Calculated final value: 0.47534043648230007
Running model "Mujoco" with parameters [1.e-11 4.e-12 1.e-11]
	Simulating Two Spheres Colliding Model with dt = 1.0000010000000002e-05, solver reference = 0.020000000004000002 and solver impedance = 0.00100000001
	Calculated final value: 0.4753404364816135
Running model "Mujoco" with parameters [1.e-11 5.e-12 1.e-12]
	Simulating Two Spheres Colliding Model with dt = 1.0000010000000002e-05, solver reference = 0.020000000005 and solver impedance = 0.001000000001
	Calculated final value: 0.4753404364884207
Running model "Mujoco" with parameters [1.e-11 5.e-12 2.e-12]
	Simulating Two Spheres Colliding Model with dt = 1.0000010000000002e-05, solver reference = 0.020000000005 and solver impedance = 0.001000000002
	Calculated final value: 0.4753404364877361
Running model "Mujoco" with parameters [1.e-11 5.e-12 3.e-12]
	Simulating Two Spheres Colliding Model with dt = 1.0000010000000002e-05, solver reference = 0.020000000005 and solver impedance = 0.001000000003
	Calculated final value: 0.4753404364870393
Running model "Mujoco" with parameters [1.e-11 5.e-12 4.e-12]
	Simulating Two Spheres Colliding Model with dt = 1.0000010000000002e-05, solver reference = 0.020000000005 and solver impedance = 0.001000000004
	Calculated final value: 0.4753404364863518
Running model "Mujoco" with parameters [1.e-11 5.e-12 5.e-12]
	Simulating Two Spheres Colliding Model with dt = 1.0000010000000002e-05, solver reference = 0.020000000005 and solver impedance = 0.001000000005
	Calculated final value: 0.47534043648566665
Running model "Mujoco" with parameters [1.e-11 5.e-12 6.e-12]
	Simulating Two Spheres Colliding Model with dt = 1.0000010000000002e-05, solver reference = 0.020000000005 and solver impedance = 0.001000000006
	Calculated final value: 0.47534043648497004
Running model "Mujoco" with parameters [1.e-11 5.e-12 7.e-12]
	Simulating Two Spheres Colliding Model with dt = 1.0000010000000002e-05, solver reference = 0.020000000005 and solver impedance = 0.001000000007
	Calculated final value: 0.4753404364842825
Running model "Mujoco" with parameters [1.e-11 5.e-12 8.e-12]
	Simulating Two Spheres Colliding Model with dt = 1.0000010000000002e-05, solver reference = 0.020000000005 and solver impedance = 0.001000000008
	Calculated final value: 0.4753404364835926
Running model "Mujoco" with parameters [1.e-11 5.e-12 9.e-12]
	Simulating Two Spheres Colliding Model with dt = 1.0000010000000002e-05, solver reference = 0.020000000005 and solver impedance = 0.001000000009
	Calculated final value: 0.4753404364829088
Running model "Mujoco" with parameters [1.e-11 5.e-12 1.e-11]
	Simulating Two Spheres Colliding Model with dt = 1.0000010000000002e-05, solver reference = 0.020000000005 and solver impedance = 0.00100000001
	Calculated final value: 0.475340436482229
Running model "Mujoco" with parameters [1.e-11 6.e-12 1.e-12]
	Simulating Two Spheres Colliding Model with dt = 1.0000010000000002e-05, solver reference = 0.020000000006 and solver impedance = 0.001000000001
	Calculated final value: 0.47534043648904595
Running model "Mujoco" with parameters [1.e-11 6.e-12 2.e-12]
	Simulating Two Spheres Colliding Model with dt = 1.0000010000000002e-05, solver reference = 0.020000000006 and solver impedance = 0.001000000002
	Calculated final value: 0.47534043648835556
Running model "Mujoco" with parameters [1.e-11 6.e-12 3.e-12]
	Simulating Two Spheres Colliding Model with dt = 1.0000010000000002e-05, solver reference = 0.020000000006 and solver impedance = 0.001000000003
	Calculated final value: 0.47534043648766866
Running model "Mujoco" with parameters [1.e-11 6.e-12 4.e-12]
	Simulating Two Spheres Colliding Model with dt = 1.0000010000000002e-05, solver reference = 0.020000000006 and solver impedance = 0.001000000004
	Calculated final value: 0.4753404364869729
Running model "Mujoco" with parameters [1.e-11 6.e-12 5.e-12]
	Simulating Two Spheres Colliding Model with dt = 1.0000010000000002e-05, solver reference = 0.020000000006 and solver impedance = 0.001000000005
	Calculated final value: 0.4753404364862851
Running model "Mujoco" with parameters [1.e-11 6.e-12 6.e-12]
	Simulating Two Spheres Colliding Model with dt = 1.0000010000000002e-05, solver reference = 0.020000000006 and solver impedance = 0.001000000006
	Calculated final value: 0.4753404364855909
Running model "Mujoco" with parameters [1.e-11 6.e-12 7.e-12]
	Simulating Two Spheres Colliding Model with dt = 1.0000010000000002e-05, solver reference = 0.020000000006 and solver impedance = 0.001000000007
	Calculated final value: 0.475340436484908
Running model "Mujoco" with parameters [1.e-11 6.e-12 8.e-12]
	Simulating Two Spheres Colliding Model with dt = 1.0000010000000002e-05, solver reference = 0.020000000006 and solver impedance = 0.001000000008
	Calculated final value: 0.4753404364842202
Running model "Mujoco" with parameters [1.e-11 6.e-12 9.e-12]
	Simulating Two Spheres Colliding Model with dt = 1.0000010000000002e-05, solver reference = 0.020000000006 and solver impedance = 0.001000000009
	Calculated final value: 0.4753404364835254
Running model "Mujoco" with parameters [1.e-11 6.e-12 1.e-11]
	Simulating Two Spheres Colliding Model with dt = 1.0000010000000002e-05, solver reference = 0.020000000006 and solver impedance = 0.00100000001
	Calculated final value: 0.4753404364828402
Running model "Mujoco" with parameters [1.e-11 7.e-12 1.e-12]
	Simulating Two Spheres Colliding Model with dt = 1.0000010000000002e-05, solver reference = 0.020000000007 and solver impedance = 0.001000000001
	Calculated final value: 0.47534043648964985
Running model "Mujoco" with parameters [1.e-11 7.e-12 2.e-12]
	Simulating Two Spheres Colliding Model with dt = 1.0000010000000002e-05, solver reference = 0.020000000007 and solver impedance = 0.001000000002
	Calculated final value: 0.4753404364889695
Running model "Mujoco" with parameters [1.e-11 7.e-12 3.e-12]
	Simulating Two Spheres Colliding Model with dt = 1.0000010000000002e-05, solver reference = 0.020000000007 and solver impedance = 0.001000000003
	Calculated final value: 0.47534043648827873
Running model "Mujoco" with parameters [1.e-11 7.e-12 4.e-12]
	Simulating Two Spheres Colliding Model with dt = 1.0000010000000002e-05, solver reference = 0.020000000007 and solver impedance = 0.001000000004
	Calculated final value: 0.4753404364875893
Running model "Mujoco" with parameters [1.e-11 7.e-12 5.e-12]
	Simulating Two Spheres Colliding Model with dt = 1.0000010000000002e-05, solver reference = 0.020000000007 and solver impedance = 0.001000000005
	Calculated final value: 0.4753404364869069
Running model "Mujoco" with parameters [1.e-11 7.e-12 6.e-12]
	Simulating Two Spheres Colliding Model with dt = 1.0000010000000002e-05, solver reference = 0.020000000007 and solver impedance = 0.001000000006
	Calculated final value: 0.475340436486219
Running model "Mujoco" with parameters [1.e-11 7.e-12 7.e-12]
	Simulating Two Spheres Colliding Model with dt = 1.0000010000000002e-05, solver reference = 0.020000000007 and solver impedance = 0.001000000007
	Calculated final value: 0.47534043648554053
Running model "Mujoco" with parameters [1.e-11 7.e-12 8.e-12]
	Simulating Two Spheres Colliding Model with dt = 1.0000010000000002e-05, solver reference = 0.020000000007 and solver impedance = 0.001000000008
	Calculated final value: 0.4753404364848496
Running model "Mujoco" with parameters [1.e-11 7.e-12 9.e-12]
	Simulating Two Spheres Colliding Model with dt = 1.0000010000000002e-05, solver reference = 0.020000000007 and solver impedance = 0.001000000009
	Calculated final value: 0.4753404364841623
Running model "Mujoco" with parameters [1.e-11 7.e-12 1.e-11]
	Simulating Two Spheres Colliding Model with dt = 1.0000010000000002e-05, solver reference = 0.020000000007 and solver impedance = 0.00100000001
	Calculated final value: 0.4753404364834665
Running model "Mujoco" with parameters [1.e-11 8.e-12 1.e-12]
	Simulating Two Spheres Colliding Model with dt = 1.0000010000000002e-05, solver reference = 0.020000000008 and solver impedance = 0.001000000001
	Calculated final value: 0.4753404364902683
Running model "Mujoco" with parameters [1.e-11 8.e-12 2.e-12]
	Simulating Two Spheres Colliding Model with dt = 1.0000010000000002e-05, solver reference = 0.020000000008 and solver impedance = 0.001000000002
	Calculated final value: 0.4753404364895756
Running model "Mujoco" with parameters [1.e-11 8.e-12 3.e-12]
	Simulating Two Spheres Colliding Model with dt = 1.0000010000000002e-05, solver reference = 0.020000000008 and solver impedance = 0.001000000003
	Calculated final value: 0.4753404364888946
Running model "Mujoco" with parameters [1.e-11 8.e-12 4.e-12]
	Simulating Two Spheres Colliding Model with dt = 1.0000010000000002e-05, solver reference = 0.020000000008 and solver impedance = 0.001000000004
	Calculated final value: 0.47534043648820806
Running model "Mujoco" with parameters [1.e-11 8.e-12 5.e-12]
	Simulating Two Spheres Colliding Model with dt = 1.0000010000000002e-05, solver reference = 0.020000000008 and solver impedance = 0.001000000005
	Calculated final value: 0.4753404364875109
Running model "Mujoco" with parameters [1.e-11 8.e-12 6.e-12]
	Simulating Two Spheres Colliding Model with dt = 1.0000010000000002e-05, solver reference = 0.020000000008 and solver impedance = 0.001000000006
	Calculated final value: 0.4753404364868278
Running model "Mujoco" with parameters [1.e-11 8.e-12 7.e-12]
	Simulating Two Spheres Colliding Model with dt = 1.0000010000000002e-05, solver reference = 0.020000000008 and solver impedance = 0.001000000007
	Calculated final value: 0.4753404364861433
Running model "Mujoco" with parameters [1.e-11 8.e-12 8.e-12]
	Simulating Two Spheres Colliding Model with dt = 1.0000010000000002e-05, solver reference = 0.020000000008 and solver impedance = 0.001000000008
	Calculated final value: 0.4753404364854642
Running model "Mujoco" with parameters [1.e-11 8.e-12 9.e-12]
	Simulating Two Spheres Colliding Model with dt = 1.0000010000000002e-05, solver reference = 0.020000000008 and solver impedance = 0.001000000009
	Calculated final value: 0.47534043648477214
Running model "Mujoco" with parameters [1.e-11 8.e-12 1.e-11]
	Simulating Two Spheres Colliding Model with dt = 1.0000010000000002e-05, solver reference = 0.020000000008 and solver impedance = 0.00100000001
	Calculated final value: 0.47534043648409124
Running model "Mujoco" with parameters [1.e-11 9.e-12 1.e-12]
	Simulating Two Spheres Colliding Model with dt = 1.0000010000000002e-05, solver reference = 0.020000000009 and solver impedance = 0.001000000001
	Calculated final value: 0.4753404364908961
Running model "Mujoco" with parameters [1.e-11 9.e-12 2.e-12]
	Simulating Two Spheres Colliding Model with dt = 1.0000010000000002e-05, solver reference = 0.020000000009 and solver impedance = 0.001000000002
	Calculated final value: 0.47534043649020685
Running model "Mujoco" with parameters [1.e-11 9.e-12 3.e-12]
	Simulating Two Spheres Colliding Model with dt = 1.0000010000000002e-05, solver reference = 0.020000000009 and solver impedance = 0.001000000003
	Calculated final value: 0.47534043648951424
Running model "Mujoco" with parameters [1.e-11 9.e-12 4.e-12]
	Simulating Two Spheres Colliding Model with dt = 1.0000010000000002e-05, solver reference = 0.020000000009 and solver impedance = 0.001000000004
	Calculated final value: 0.47534043648882457
Running model "Mujoco" with parameters [1.e-11 9.e-12 5.e-12]
	Simulating Two Spheres Colliding Model with dt = 1.0000010000000002e-05, solver reference = 0.020000000009 and solver impedance = 0.001000000005
	Calculated final value: 0.4753404364881335
Running model "Mujoco" with parameters [1.e-11 9.e-12 6.e-12]
	Simulating Two Spheres Colliding Model with dt = 1.0000010000000002e-05, solver reference = 0.020000000009 and solver impedance = 0.001000000006
	Calculated final value: 0.4753404364874408
Running model "Mujoco" with parameters [1.e-11 9.e-12 7.e-12]
	Simulating Two Spheres Colliding Model with dt = 1.0000010000000002e-05, solver reference = 0.020000000009 and solver impedance = 0.001000000007
	Calculated final value: 0.4753404364867526
Running model "Mujoco" with parameters [1.e-11 9.e-12 8.e-12]
	Simulating Two Spheres Colliding Model with dt = 1.0000010000000002e-05, solver reference = 0.020000000009 and solver impedance = 0.001000000008
	Calculated final value: 0.4753404364860679
Running model "Mujoco" with parameters [1.e-11 9.e-12 9.e-12]
	Simulating Two Spheres Colliding Model with dt = 1.0000010000000002e-05, solver reference = 0.020000000009 and solver impedance = 0.001000000009
	Calculated final value: 0.4753404364853861
Running model "Mujoco" with parameters [1.e-11 9.e-12 1.e-11]
	Simulating Two Spheres Colliding Model with dt = 1.0000010000000002e-05, solver reference = 0.020000000009 and solver impedance = 0.00100000001
	Calculated final value: 0.4753404364847029
Running model "Mujoco" with parameters [1.e-11 1.e-11 1.e-12]
	Simulating Two Spheres Colliding Model with dt = 1.0000010000000002e-05, solver reference = 0.02000000001 and solver impedance = 0.001000000001
	Calculated final value: 0.47534043649151797
Running model "Mujoco" with parameters [1.e-11 1.e-11 2.e-12]
	Simulating Two Spheres Colliding Model with dt = 1.0000010000000002e-05, solver reference = 0.02000000001 and solver impedance = 0.001000000002
	Calculated final value: 0.475340436490836
Running model "Mujoco" with parameters [1.e-11 1.e-11 3.e-12]
	Simulating Two Spheres Colliding Model with dt = 1.0000010000000002e-05, solver reference = 0.02000000001 and solver impedance = 0.001000000003
	Calculated final value: 0.4753404364901421
Running model "Mujoco" with parameters [1.e-11 1.e-11 4.e-12]
	Simulating Two Spheres Colliding Model with dt = 1.0000010000000002e-05, solver reference = 0.02000000001 and solver impedance = 0.001000000004
	Calculated final value: 0.4753404364894519
Running model "Mujoco" with parameters [1.e-11 1.e-11 5.e-12]
	Simulating Two Spheres Colliding Model with dt = 1.0000010000000002e-05, solver reference = 0.02000000001 and solver impedance = 0.001000000005
	Calculated final value: 0.47534043648876206
Running model "Mujoco" with parameters [1.e-11 1.e-11 6.e-12]
	Simulating Two Spheres Colliding Model with dt = 1.0000010000000002e-05, solver reference = 0.02000000001 and solver impedance = 0.001000000006
	Calculated final value: 0.4753404364880724
Running model "Mujoco" with parameters [1.e-11 1.e-11 7.e-12]
	Simulating Two Spheres Colliding Model with dt = 1.0000010000000002e-05, solver reference = 0.02000000001 and solver impedance = 0.001000000007
	Calculated final value: 0.475340436487373
Running model "Mujoco" with parameters [1.e-11 1.e-11 8.e-12]
	Simulating Two Spheres Colliding Model with dt = 1.0000010000000002e-05, solver reference = 0.02000000001 and solver impedance = 0.001000000008
	Calculated final value: 0.4753404364866829
Running model "Mujoco" with parameters [1.e-11 1.e-11 9.e-12]
	Simulating Two Spheres Colliding Model with dt = 1.0000010000000002e-05, solver reference = 0.02000000001 and solver impedance = 0.001000000009
	Calculated final value: 0.47534043648599583
Running model "Mujoco" with parameters [1.e-11 1.e-11 1.e-11]
	Simulating Two Spheres Colliding Model with dt = 1.0000010000000002e-05, solver reference = 0.02000000001 and solver impedance = 0.00100000001
	Calculated final value: 0.47534043648531776
Wed  7 Oct 20:38:46 BST 2026
Total seconds: 2741
